StoreID,Sales,Price,MarketingContribution,SalesReps,Radio,Region
1,89,391.48,8006.62,2361.92,1413.25,Rural
2,137,393.71,8964.35,6236.37,2711.37,Rural
3,112,328.61,7485.83,2983.5,1150.83,Suburban
4,59,383.04,4040.16,3060.82,1950.54,Urban
5,125,364.17,8791.86,5065.14,1984.27,Suburban
6,104,351.91,8644.35,4031.3,1667.79,Urban
7,74,373.66,5299.32,2258.72,1472.56,Rural
8,131,313.47,5121.79,7058.91,3725.19,Rural
9,121,365.7,6179.97,3840.91,4140.57,Urban
10,145,370.51,5764.84,4888.51,3325.38,Rural
11,150,345.77,9936.86,4281.28,3137.01,Suburban
12,126,371.91,5055.61,5948.12,1616.52,Suburban
13,118,393.47,7142.95,7465.17,2422.67,Urban
14,167,325.54,10542.24,6788.75,3188.16,Urban
15,128,346.23,5308.16,4390.29,3014.9,Rural
16,89,394,7143.37,2835.58,3765.98,Urban
17,94,397.82,10508.4,3802.32,1683.15,Suburban
18,101,311.75,5972.43,3678.88,3239.55,Rural
19,100,347.5,7548.46,3521.57,3288.39,Rural
20,156,356.03,9945,6693.21,4688.35,Suburban
21,108,390.4,4617.24,6035.85,3301.91,Urban
22,181,313.87,11934.77,4726.31,4882.16,Urban
23,101,398.89,11607.04,4248.15,2885.62,Rural
24,99,394.67,7655.56,3639.76,4151.66,Urban
25,113,308.24,4092.45,3759.78,2995.45,Rural
26,127,351.42,8067.51,4828.43,1126.48,Suburban
27,98,339.02,3337.08,4339.18,1535.53,Rural
28,104,390.57,11586.68,2149.17,4505.84,Rural
29,102,344.7,3109.13,7139.69,4300.62,Rural
30,96,383.6,8189.7,2838.92,1853.75,Suburban
31,108,373.76,9682.66,7649.24,1274.64,Rural
32,86,381.11,4698.01,5360.48,1201.44,Rural
33,123,338.81,5673.67,3560.45,4948.31,Suburban
34,116,368.52,7022.88,2239.26,3538.41,Suburban
35,183,300.39,6522.99,5049.12,4791.31,Rural
36,129,383.29,8913.39,4978.94,3324.39,Rural
37,164,300.73,8525.54,4237.4,3793.54,Suburban
38,156,320.77,9559.27,5421.61,2973.68,Suburban
39,113,390.66,5883.91,7810.24,1352.73,Suburban
40,75,361.18,4297.77,2490.75,2113.85,Urban
41,117,337.96,3485.2,6335.96,3659.96,Urban
42,198,343.58,11595.86,6706.45,4059.94,Suburban
43,82,303.74,3230.41,2224.92,1192.55,Suburban
44,100,397.35,11286.87,3207.57,3522.73,Urban
45,120,343.18,6299.98,3992.63,2574.41,Rural
46,116,395.76,9285.53,5401.79,1601.97,Urban
47,119,388.78,8124.17,2065.59,4141.87,Rural
48,79,364,5556.1,2511.81,1346.28,Rural
49,86,397.1,3102.33,4777.79,4198.87,Urban
50,122,361.88,6792.35,4699.48,1302.14,Suburban
51,154,333.34,8528.63,6555.64,3052.6,Suburban
52,121,334.67,3042.8,7208.61,2874.86,Urban
53,133,339.85,8972.39,3113.18,2623.51,Suburban
54,127,378.47,4040.88,6555.09,3921.81,Urban
55,171,303.89,11120.65,2598.99,3415.75,Urban
56,96,374.88,3908.99,3326.54,4485.27,Suburban
57,108,367.73,8088.74,7372.42,1222.87,Suburban
58,155,317.13,5262.89,6822.68,4481.81,Suburban
59,138,326.11,8230.76,3004.19,2413.48,Urban
60,195,351.44,11572.71,7908.89,3311.32,Suburban
61,167,367.56,9545.51,6908.02,4860.19,Suburban
62,90,398.28,6641.15,4659.92,2761.2,Urban
63,109,375.95,7431.28,5508.53,1164.39,Suburban
64,140,356.65,9049.26,7319.01,3766.52,Rural
65,129,384.97,7214.09,6865.08,4793.42,Urban
66,134,318.95,5661.68,6456.65,3357.36,Suburban
67,198,327.13,7915.51,7051.76,3805.15,Rural
68,121,382.82,9615.23,4439.63,2851.14,Suburban
69,173,369.32,9944.53,7237.03,2437.03,Urban
70,153,324.05,10329.54,7437.3,3439.29,Rural
71,164,304.3,5998.16,7350.66,4949.51,Urban
72,143,314.05,11021.2,2049.83,2289.79,Suburban
73,134,321.64,5778.33,5696.94,2935.87,Suburban
74,186,347.94,9288.92,4728.32,4996.01,Rural
75,134,319.74,4741.27,5409.12,4883.58,Rural
76,107,371.94,11790.37,7396.37,1017.44,Suburban
77,122,300.79,4521.83,3018.14,3039.58,Suburban
78,132,337.55,4533.84,6601.26,4734.37,Suburban
79,121,351.44,8652.81,2678.37,3840.06,Rural
80,186,300.16,9607.76,6596.97,4976.8,Urban
81,120,358.16,11452.02,3642.75,2131.46,Suburban
82,170,315.79,9914.67,7665.18,3037.58,Urban
83,105,335.9,4496.77,4675.9,1706.47,Rural
84,110,364.56,5522.66,5250.72,4348.16,Rural
85,99,377.58,6827.39,2970.53,1090.91,Urban
86,135,356.36,10535.64,6158.32,2414.82,Rural
87,146,323.37,4363.54,6783.65,2067.79,Urban
88,163,309,8992.68,6641.52,4496.96,Suburban
89,177,308.56,10362.75,3279.74,4065.73,Suburban
90,136,330.52,9062.56,3221.63,4413.25,Rural
91,114,366.74,6379.29,5799.48,1540.76,Suburban
92,192,300.02,10959.02,6566.05,1594.53,Suburban
93,136,320.86,8139.29,6847.8,1492.54,Urban
94,112,393.3,7229.53,6973.53,1370.3,Suburban
95,99,392.56,8724.81,2711.43,2321.46,Suburban
96,113,373.41,9665.38,3688.06,3700.11,Suburban
97,141,333.31,4312.9,7080.93,3252.87,Rural
98,79,351.51,6657.63,2650.94,1571.97,Suburban
99,108,374.4,7124.6,2104.98,2241.76,Suburban
100,153,361.92,8024.21,4480.49,4676.94,Rural
101,132,362.62,6687.21,5545.17,4549.26,Suburban
102,171,321.72,11983.08,5097.89,3804.2,Rural
103,189,321.66,9752.48,7608.18,3460.39,Urban
104,110,338.89,4696.04,3563.07,3869.12,Suburban
105,98,394.25,3978.68,6264.21,2942.5,Suburban
106,113,396.26,9694.33,3008.89,3503.75,Urban
107,99,373.99,4035.69,6919.23,1540.39,Urban
108,184,373.32,11980.38,6500.64,3624.64,Urban
109,118,353.58,10003.1,3739.98,1698.92,Urban
110,136,300.23,6673.65,3078.88,4567.19,Urban
111,111,360.89,5504.1,5703.75,3710.17,Urban
112,132,383.68,11610.26,5673.81,3163.38,Suburban
113,106,375.15,5290.79,7194.31,2479.23,Rural
114,133,345.27,4080.96,5838.3,3672.97,Urban
115,123,353.58,7904.91,2551.4,4462.69,Urban
116,152,353.74,9061.76,7204.26,3237.87,Rural
117,148,300.14,6369,7050.53,1204.65,Urban
118,115,335.57,4324.04,4972.94,4350.71,Urban
119,159,361.21,11721.05,2476.24,3525.04,Suburban
120,80,382.89,3623.13,2129.9,2185.91,Urban
121,141,335.67,8421.49,3853.8,2199.64,Rural
122,115,341.06,4753.82,6390.09,1296.93,Rural
123,162,357.35,8077.56,7973.83,4713.27,Rural
124,113,358.97,4328.42,4730.52,2604.6,Suburban
125,154,371.97,10416.83,6171.24,3661.5,Suburban
126,134,339.5,5965.73,7667.94,1099.87,Rural
127,98,391.92,7284.89,4782.85,1610.6,Urban
128,108,396.26,4708.05,6240.46,1592.1,Urban
129,124,323.35,7674.93,7016.91,1381.71,Urban
130,121,372.45,7455.82,2292.65,2977.46,Rural
131,96,390.36,4274.97,4422.14,3363.2,Suburban
132,131,360.35,9779.53,5243.97,1599.51,Suburban
133,100,363.15,3098.32,6397.8,2517.65,Rural
134,83,393.74,4601.66,2875.31,4154.73,Urban
135,89,385.05,4023.09,4191.2,2866.38,Urban
136,123,357.98,7830.33,2119.92,2917.3,Urban
137,117,382.14,7908.82,2055.53,2736.74,Suburban
138,107,311.37,3188.29,6776.01,1666.63,Rural
139,117,376.45,4356.59,6090.05,3975.08,Urban
140,105,362.36,8007.04,2156.58,4254.78,Suburban
141,142,314.84,9790.75,3827.04,1564.9,Suburban
142,185,308.03,8952.08,7690.04,2412.64,Suburban
143,139,346.41,9892.2,3698.71,4998.96,Urban
144,104,377.94,4285.58,4152.22,3909.19,Rural
145,152,373.35,8274.4,5009.09,3462.61,Suburban
146,106,381.72,9365.42,3591.84,3202.39,Urban
147,149,317.02,6780.83,7461.75,2183.4,Rural
148,118,394.47,11918.07,3083.45,2812.43,Suburban
149,124,329.36,3774.16,5697.08,2769.78,Urban
150,117,314.91,7942.04,2287.46,1624.94,Suburban
151,136,371.94,6408.16,6800.28,3824.54,Suburban
152,119,332.41,6489.48,5969.55,1016.61,Suburban
153,127,377.88,5927.78,6412.08,3948.07,Rural
154,112,339.44,11968.11,2261.05,1094.68,Rural
155,130,367.86,9717.67,5242.77,1151.84,Suburban
156,128,377.58,10018.11,5753.49,1248.06,Rural
157,155,318.79,11142.03,6493.57,1077.63,Rural
158,158,302.91,9000.52,2897.21,1904.2,Rural
159,162,313.57,9226.46,4669.97,2856.72,Suburban
160,169,368.02,11514.62,6195.75,4486.87,Suburban
161,88,393.48,4166.39,2634.65,4194.59,Rural
162,142,355.05,11555.1,6631.44,2083.51,Rural
163,165,360.18,11573.75,5815.66,3264.07,Rural
164,90,319.7,3790.67,5553.82,1117.47,Suburban
165,112,353.52,10594.53,2068.21,4389.77,Urban
166,129,317.96,9814.1,2119.98,1696.12,Suburban
167,143,345.19,8295.92,2972.09,3626.38,Rural
168,97,331.71,5745.02,2409.91,3565.31,Rural
169,137,311.62,3123.08,4857.56,3638.72,Urban
170,140,318.61,5908.73,7899.32,3468.41,Urban
171,104,372.97,4529.04,4616.85,4814.16,Urban
172,109,341.19,4968.85,7688.28,1690.76,Urban
173,115,341.4,7253.98,4022.66,1576.37,Urban
174,98,348.03,3072.27,4953.94,2146.26,Suburban
175,158,342.75,9990.87,7031.41,1857.61,Suburban
176,176,313.65,10122.79,6956.28,3177.54,Rural
177,88,382.47,4071.17,2854.38,3604.73,Urban
178,94,359.23,4742.63,2692.72,2140.32,Rural
179,102,379.44,11994.05,2026.87,3401.01,Urban
180,136,376.9,11129.08,6447.45,3104.97,Suburban
181,93,391.81,3047.95,6694.63,1057.46,Urban
182,89,386.26,9514.11,3278.87,4250.52,Suburban
183,158,331.7,6660.68,5107.93,3818.57,Rural
184,115,325.93,3206.27,3150.25,3484.99,Urban
185,118,374.23,6578.41,4740.82,1394.18,Urban
186,105,374.74,4597.83,5159.5,3693.4,Urban
187,96,391.79,5281.93,4086.89,1440.74,Rural
188,154,379.32,11222.8,6449.12,4034.02,Suburban
189,121,313.33,6373.8,2274.81,4831.71,Urban
190,119,328.77,5697.89,3707.84,1651.32,Rural
191,159,319.47,9939.68,3022.22,4508.19,Suburban
192,79,378.41,3128.85,3650.37,2299.24,Suburban
193,126,312.89,4718.81,6164.41,1908.73,Suburban
194,193,312.91,11993.75,7086.47,3485.86,Suburban
195,138,307.23,3167.71,5045.04,4808.84,Suburban
196,164,305.31,9460.93,7721.23,1176.46,Suburban
197,93,353.19,7836.18,2467.78,2192.64,Urban
198,140,311.23,6523.2,5135.63,1556.1,Suburban
199,132,374.32,7493.47,6350.82,4392.71,Urban
200,127,373.13,11909.34,2601.8,2738.38,Rural
201,118,388.51,7452.96,6705.06,4662.8,Suburban
202,113,351.71,11790.11,4699.77,1635.32,Suburban
203,127,385.19,9731.31,4678.71,4633.62,Suburban
204,154,344.28,9160.54,6380.67,4608.51,Suburban
205,173,315.79,7452.72,4960.78,4580.79,Suburban
206,82,344.23,3490.66,2643.5,4679.33,Urban
207,120,396.77,10030.25,7523.62,2547.71,Suburban
208,108,348.46,6116.61,3441.21,2203.45,Rural
209,105,325.25,3199.59,5921.11,2169.12,Rural
210,169,325.97,8604.97,7305.57,3648.34,Urban
211,114,354.2,4166.6,7332.46,4580.26,Suburban
212,103,364.99,4618.63,7853.19,1676.65,Rural
213,134,333.64,8727.42,4892.14,2885.64,Suburban
214,93,306.09,4518.59,2577.08,2284.15,Rural
215,139,345.13,6258.74,7582.97,1989.93,Suburban
216,90,383.88,4988.32,3898.03,2339.47,Suburban
217,122,357.46,10448.52,4819.01,1610.73,Urban
218,128,335.34,3032.78,5336.32,4121.29,Rural
219,138,354.74,4417.64,6923.75,4613.88,Suburban
220,128,389.27,11434.84,5815.19,3114.68,Rural
221,159,349,9888.94,4190.78,4103.17,Urban
222,162,317.16,10394.7,4880.73,3353.13,Urban
223,105,354.3,5266.21,2844.44,4722.05,Suburban
224,81,396.15,4058,3429.73,1756.86,Suburban
225,126,331.37,4195.61,7050.4,2071.09,Urban
226,125,382.05,6774.24,6875.09,3208.68,Urban
227,152,330.71,6292.85,7934.97,3409.79,Urban
228,144,318.55,4302.96,6376.59,3437.58,Urban
229,154,304.83,7678.66,4233.55,1554.5,Suburban
230,161,324.57,9712.11,5062.27,4242.1,Urban
231,151,335.11,3988.05,7574.38,3137.42,Suburban
232,130,315.9,6326.42,5470.83,2218.02,Suburban
233,140,330.41,5001.89,4438.18,1794.88,Suburban
234,179,301.75,11072.77,3271.32,3227.94,Urban
235,100,399.66,3957.14,6932.75,3605.31,Urban
236,109,380.44,10551,4949.97,3515.81,Suburban
237,146,308.66,10608.33,2967.71,2939.96,Suburban
238,84,386.99,3242.25,6259.35,1597.57,Urban
239,181,355.46,9888.13,5651.54,4703.42,Suburban
240,98,342.14,5473.43,2662.12,1356.07,Urban
241,104,306.76,4358.21,3335.21,3497.85,Suburban
242,117,356.14,3888.28,5279.44,4070.05,Rural
243,125,307.07,9402.19,2529.02,2372.45,Urban
244,112,321.14,7105.96,2774.35,4231.77,Suburban
245,128,354.96,6592.23,6462.64,1163.63,Suburban
246,167,348.2,8543.58,7298.26,3513.64,Suburban
247,131,315.95,4194.93,7677.58,2301.35,Urban
248,138,314.96,3725.77,3542.53,4270.24,Urban
249,116,349.93,8968.75,3291.2,2115.63,Rural
250,100,394.06,10141.87,3250.56,4314.85,Rural
251,140,333.42,6360.3,3130.29,4498,Suburban
252,147,318.84,10189.98,3189.74,4560.11,Rural
253,145,326.97,10295.57,2850.47,3705.18,Rural
254,142,353.07,10781.55,6172.69,3137.67,Rural
255,123,302.15,6804.75,3940.55,2113.32,Rural
256,104,379.88,3862.85,4283.96,4152.28,Urban
257,173,311.03,10943.35,6483.09,3360.58,Suburban
258,98,353.98,5598.03,3687.13,1872.21,Urban
259,139,357.12,5745.97,6571.03,3213.43,Suburban
260,84,361.9,10344.95,2438.14,1829.61,Urban
261,124,371.49,8282,6026.6,3516.18,Urban
262,226,312.33,8964.64,7515.13,4863.71,Suburban
263,157,331.1,8799.77,6657.5,2532.15,Urban
264,92,394.57,5054.43,6442.84,3087.34,Suburban
265,138,350,8489.27,3917.47,4527.96,Urban
266,144,313.52,7377.09,5806.78,1534.2,Suburban
267,116,386.93,8220.17,4588.64,4619.29,Rural
268,143,320.5,10314.05,3995.46,2773.77,Urban
269,110,392.5,7453.34,6514.38,1483.64,Rural
270,79,388.68,3738.3,2124.91,2189.17,Urban
271,142,313.63,7174.2,4334.8,4361.62,Urban
272,108,378.53,8385.35,3816.71,1118.3,Rural
273,104,345.33,11224.91,3008.72,1910.13,Rural
274,152,313.57,3432.22,5691.83,2863.97,Suburban
275,118,388.52,10362.86,2504.93,3351.17,Urban
276,102,333.67,3788.8,3298.15,3981.14,Suburban
277,152,331.93,5438.71,7979.05,4366.29,Rural
278,123,340.38,10626.71,2755.32,4283.12,Rural
279,117,347.91,11268.38,2267.55,3757.59,Rural
280,130,336.79,3738.37,7393.12,3120.51,Rural
281,112,346.57,8018.08,5070.16,2986.52,Suburban
282,119,304.99,3384.56,2305.8,4875.07,Urban
283,167,318.74,5348,7840.78,3153.18,Rural
284,89,398.27,4691.68,2948.28,3531.1,Rural
285,157,332.83,8106.75,6793.08,4951.19,Rural
286,96,317.1,3591.13,2933.16,1029.79,Rural
287,134,348.83,6937.94,4558.87,4698.36,Suburban
288,187,301.87,7977.92,3151.91,4738.91,Rural
289,160,333.95,7861.81,6218.58,3016.61,Rural
290,175,302.97,5290.43,6804.26,1818.42,Rural
291,102,386.72,4486.61,7777.19,2496.74,Rural
292,118,373.17,9550.03,2288.09,2401.27,Suburban
293,152,331.53,4855.42,5451.2,4868.95,Rural
294,149,338.65,8278.19,4524.51,3080.16,Rural
295,179,333.24,11221.91,3707.89,3143.31,Suburban
296,137,308.98,4862.7,4071.05,1908.17,Urban
297,171,375.71,10486.35,7560.41,3625.8,Suburban
298,142,360.3,5780.18,7444.26,2051.66,Rural
299,148,314.54,4695.8,7815.13,4619.2,Rural
300,192,303.25,7670.5,6795.11,3611.49,Suburban
301,110,348.38,4656.32,2974.53,2079.42,Urban
302,79,344.46,5018.5,3639.87,1042.09,Urban
303,211,306.04,11618.27,6583.13,2326.43,Suburban
304,122,332.75,4738.03,6939.16,3205.38,Suburban
305,113,387.84,11746.85,5308.75,2404.77,Urban
306,116,393.06,11376.5,2869.2,3733.02,Urban
307,112,339.22,4966.84,6551.29,3272.07,Suburban
308,113,315.88,6233.27,2520.62,3193.59,Urban
309,114,331.99,3867.65,6204.79,1031.34,Rural
310,184,330.7,10805.77,6973.58,4170.12,Urban
311,196,310.78,11960.84,4950.9,2351.64,Suburban
312,126,397.93,8149.03,5285.67,4139.18,Rural
313,127,349.69,8317.29,6016.39,4041.11,Rural
314,127,309.31,9302.99,2210.5,4057.62,Rural
315,136,321.18,8166.64,2678.23,3489.63,Rural
316,106,393.05,4469.53,6126.82,4780.4,Urban
317,137,329.68,7773.1,2480.58,3548.28,Rural
318,115,365.32,7492.83,3894.59,2217.21,Urban
319,110,390.11,11279.72,6586.81,1225.09,Rural
320,101,399.08,7072.73,4099.72,3400.69,Urban
321,151,343.03,6815.82,5205.69,3342.84,Suburban
322,111,339.38,3693.41,7359.57,2716.55,Rural
323,146,314.19,11349.94,4685.86,2817.29,Rural
324,140,327.98,5817.81,3968.33,4009.78,Urban
325,105,356.48,6714.12,2281.18,3032.45,Suburban
326,94,393.51,6553.07,4335.96,2237.05,Urban
327,146,335.84,9239.45,3707.05,4256.06,Rural
328,108,384.2,8329.74,3621.55,2046.7,Rural
329,106,372.24,4356.17,5457.26,4704.81,Suburban
330,126,375.07,6081.82,5776.92,3573.7,Rural
331,101,392.4,8109.13,3880.21,2602.03,Suburban
332,177,300.24,9839.45,6132.31,2720.95,Urban
333,176,316.04,10965.54,5194.35,2100.39,Urban
334,145,339.93,9648.34,6559.97,1930.35,Rural
335,105,367.53,6915.89,5899.06,2608.67,Rural
336,101,348.04,3184.21,4981.31,3003.65,Rural
337,129,353.38,11101.46,4671.9,4122.57,Suburban
338,110,331.7,4125.34,3923.46,3793.31,Rural
339,133,381.48,11971.26,5993.16,2811.2,Rural
340,125,329.22,3581.61,2046.19,2687,Urban
341,149,340.91,10441.96,4423.87,2352.51,Rural
342,158,309.09,6204.02,7080.48,1951.54,Rural
343,112,379.86,6616.47,4250.65,2916.38,Rural
344,171,335.98,11703.78,7050.7,3739.83,Suburban
345,128,304.05,7845.87,4398.24,4648.5,Urban
346,192,304.11,8674.15,6407.1,1501.81,Rural
347,99,395.44,5989.52,6431.31,1714.46,Rural
348,98,337.33,3926.29,3958.57,2782.43,Urban
349,135,380.64,11867.9,6765.17,2511.95,Rural
350,144,391.01,9024.67,6865.87,2672.83,Suburban
351,114,344.01,3013.9,7941.44,1582.12,Urban
352,165,357.63,6292.98,7204.34,4883.68,Urban
353,155,307.37,7790.11,2976.37,4949.65,Rural
354,134,316.46,7997.9,5546.65,1056.63,Suburban
355,106,373.99,7894.65,3437.85,2272.34,Suburban
356,119,347.57,7947.87,4893.09,3429.17,Rural
357,148,368.55,8260.6,6441.56,4270.19,Suburban
358,73,395.15,3564.24,2165.11,3399.79,Urban
359,114,349.75,3536.74,7695.53,3060.49,Urban
360,188,347.05,11076.18,7614.7,3076.51,Suburban
361,164,356.02,8270.3,7340.14,2721.59,Suburban
362,195,365.25,10424.47,5602.37,4663.2,Rural
363,142,327.96,8169.87,3919.99,2435.29,Rural
364,104,397.99,6018.26,5921.75,2247.71,Suburban
365,110,364.39,11063.25,3492.88,1843.23,Rural
366,113,358.26,3619.67,7054.51,2960.06,Urban
367,193,361.59,9297.24,7730.57,4640.53,Suburban
368,93,392.51,3492.23,4727.37,4254.36,Rural
369,213,339,10809.05,7631.4,3937.28,Urban
370,135,328.79,10406.17,3094.39,2502.59,Rural
371,141,309.07,4522.41,5509.59,3049.67,Urban
372,195,332.2,10343.34,4396.99,2993.85,Rural
373,121,375.83,7054.47,7733,1547.11,Urban
374,105,310.44,5267.91,2921.09,2802.86,Urban
375,113,371.03,8184.24,4980.88,2253.35,Rural
376,120,396.65,9152.7,6457.71,3935.26,Suburban
377,148,320.15,8465.45,3240.24,4318.91,Rural
378,152,310.85,9054.89,4433.61,3178.41,Rural
379,134,305.54,5195.09,4878.91,1639.95,Urban
380,146,382.97,11576.32,4700.93,1908.75,Rural
381,127,358.12,11374.08,5191.1,2134.82,Suburban
382,115,347.01,9296.04,4238.02,1750.1,Urban
383,108,336.5,5433.11,2356.58,4132.95,Urban
384,197,328.01,11760.18,7193.19,2862.24,Rural
385,107,359.97,3479.07,4591.5,3594.14,Rural
386,92,381.86,8388.41,2638.89,1142.83,Rural
387,173,309.78,8907.04,4026.51,2096.93,Rural
388,120,396.37,9953.99,4584.99,3387.67,Suburban
389,223,316.87,9721.49,6130.33,4803.18,Suburban
390,111,308.61,10574.45,2379.81,1458.8,Urban
391,112,386.12,10447.03,3785.78,1467.49,Urban
392,146,352.48,7219.73,4934.54,3529.05,Urban
393,136,365.68,4548.07,6111.05,4686.26,Rural
394,158,322.95,11846.64,4976.42,4942.18,Urban
395,123,372.12,6617.6,6224.73,4168.91,Rural
396,134,349.08,9895.45,5857.28,4962.68,Suburban
397,75,396.53,3828.15,4339.99,1071.89,Urban
398,126,390.69,11058.66,5043.46,3315.15,Suburban
399,161,355.13,10207.91,4895.89,3502.31,Suburban
400,165,307.56,8664.04,6463.31,1482.98,Urban
401,193,302.27,8723.69,7948.28,4153.77,Suburban
402,181,351.32,11116.38,4971.87,4436.32,Suburban
403,143,363.07,10376.21,7635.16,1857.09,Urban
404,171,341.88,7490.41,5241.07,4974.39,Urban
405,149,387.93,9556.48,7639.99,2982.98,Suburban
406,197,310.8,10028.6,7493.59,2661.31,Suburban
407,98,398.03,5445.69,5139.02,1208.96,Rural
408,171,326.5,9431.23,6799.67,4935.72,Rural
409,115,308.43,8141.61,3203.1,1728.21,Urban
410,195,338.59,11023.47,7577.29,3878.29,Suburban
411,113,312.49,3253.52,6296.25,3217.57,Suburban
412,122,358.16,9110.98,6583,1593.48,Rural
413,158,324.01,9232.49,5157.98,3427.51,Suburban
414,116,372.19,8139.36,3846.82,1866.16,Urban
415,201,314.59,10503.32,7998.99,2882.56,Urban
416,125,315.28,5653.28,5198.22,4472.52,Rural
417,98,325.92,4715.28,2160.12,1877.35,Suburban
418,75,377.79,4521.86,2276.2,4223.72,Urban
419,134,342.65,3147.05,4517.8,3894.73,Urban
420,123,306,4031.97,5495.84,3075.03,Urban
421,174,311.48,3575.11,7586.35,4631.32,Suburban
422,120,348.28,10249,4694.58,1092.01,Urban
423,77,397.92,4195.46,2107.58,2095.9,Rural
424,97,381.15,3812.06,7072.83,2811.86,Suburban
425,145,354.29,11034.25,4385.4,3090.12,Urban
426,190,307.24,9604.61,6226.19,2884.76,Urban
427,156,346.65,7512.5,5785.02,2190.73,Urban
428,121,333.99,5489.48,7210.77,1615.96,Suburban
429,85,368.99,3971.07,4478.46,2871.04,Suburban
430,150,351.42,10623.24,7939.06,3584.88,Urban
431,128,351.49,9397.13,3054.36,3255.43,Rural
432,137,354.55,10247.26,3198.5,3823.76,Rural
433,99,344.75,3130.61,4708.13,2837.29,Suburban
434,134,308.39,5282.64,4751.44,2239.34,Urban
435,115,393.01,6622,7457.83,2445.55,Rural
436,143,301.64,5984.45,4861.83,2949.09,Suburban
437,155,341.41,10804.04,2532.66,2274.96,Suburban
438,123,322.7,4574.83,3679.97,3772.19,Suburban
439,186,309.96,6296.69,7528.65,3054.32,Suburban
440,157,348.29,3250.13,7758.76,3874.38,Rural
441,133,365.01,11137.15,6917.93,2681.83,Urban
442,101,392.13,10569.68,3041.36,1566.78,Suburban
443,130,336.26,11673.29,2648.61,2172.27,Rural
444,139,385.51,8543.67,4523.1,3762.4,Rural
445,99,330.09,4092.93,2400.25,3588.19,Suburban
446,163,346.57,11328.28,5811.14,2901.09,Rural
447,135,314.27,4121.41,5082.66,3627.17,Rural
448,120,380.77,8004.72,5419.07,1893.4,Suburban
449,106,366.58,4622.15,5676.05,3270.35,Urban
450,250,306.19,11894.6,4773.07,4891.46,Suburban
451,129,343.09,9313.53,7293.38,1541.72,Rural
452,122,339.69,5292.24,4428.5,3920.02,Rural
453,145,369.7,10183.47,4910.14,3625.32,Rural
454,133,365.93,6368.65,5049.79,4514.21,Urban
455,148,340.74,10980.25,5977.36,3659.52,Urban
456,106,330.69,4228.83,3732.38,2304.51,Urban
457,154,325.51,11127.98,7408.06,2554.16,Urban
458,127,367.26,11121.13,3875.86,1222.4,Suburban
459,134,389.44,10730.79,7274.83,3840.34,Rural
460,110,384.57,7787.08,6896.1,2154.26,Urban
461,176,339.29,10437.06,6773.75,4587.8,Urban
462,185,307.91,11415.89,7588.96,4388.91,Urban
463,131,382.84,8083.99,5762,3513.88,Suburban
464,132,307.29,6550.62,3000.06,3976.44,Urban
465,138,311.48,4685.1,5890.28,4111.58,Rural
466,129,364,10951.5,4827.53,4915.51,Suburban
467,116,332.06,5104.83,7312.63,4600.72,Rural
468,184,318.87,11498.94,6584.88,1496.31,Suburban
469,205,339.38,8923.94,7188.88,4805.72,Urban
470,114,386.2,4435.79,5740.11,2506.36,Urban
471,152,334.79,11584.78,4852.85,2261.42,Rural
472,159,300.14,4397.77,7603.38,3362.26,Rural
473,137,391.13,11603.95,5853.75,2366.79,Suburban
474,111,395.17,8871.12,3687.58,3724.35,Suburban
475,118,349.09,3243.38,7728.38,2484.43,Suburban
476,132,346.37,6805.93,3989.63,2678,Suburban
477,146,359.65,4819.27,7576.42,4458.27,Rural
478,152,390.61,8580.43,6142.77,4676.39,Rural
479,150,317.3,11298.63,2985.34,3878.49,Suburban
480,128,378.59,8191.37,4138.1,4175.2,Rural
481,145,323.29,4292.76,7557.32,4323.65,Urban
482,126,357.7,6285.76,7864.56,3996.36,Rural
483,87,384.09,3479.79,4794.74,3473.81,Urban
484,114,313.22,4040.09,3836.32,2592.05,Suburban
485,103,389.59,9531.16,2346.62,2545.99,Suburban
486,146,345.01,4513.32,5835.41,4538.18,Suburban
487,140,389.41,11626.04,7411.42,1290.7,Rural
488,115,324.85,3544.13,6968.62,3585.12,Rural
489,167,308.37,11761.27,5201.95,1176.52,Urban
490,120,304.86,7429.7,2894.84,2065.42,Urban
491,154,397.98,9326.29,6999.44,4911.4,Rural
492,143,348.42,9514.48,7202.89,3017.55,Urban
493,127,384.54,9877.21,7842.54,3006.32,Suburban
494,130,341.63,10914.84,2477.86,2969.86,Suburban
495,150,348.93,9410.63,7159.4,3846.61,Urban
496,116,318.33,5205.07,3086.15,1178.12,Urban
497,109,375.92,7435.06,4170.93,4025.25,Rural
498,183,330.51,9818.84,7905.57,2940.41,Suburban
499,134,316.57,3003.36,4678.02,4703.83,Suburban
500,137,303.28,3754.5,7146.45,2897.01,Suburban
501,160,313.65,9989.25,2970.73,3947.14,Suburban
502,121,317.71,5641.7,3129.58,3889.36,Urban
503,100,351.96,6130.33,3233.73,3042.08,Suburban
504,78,381.11,8842.06,2137.2,2580.02,Suburban
505,173,311.54,10593.56,6126.6,4084.89,Suburban
506,70,389.34,3621.67,2028.44,1581.66,Suburban
507,117,357.54,5388.05,4294.19,3543.27,Rural
508,164,314.66,9392.88,7846.99,2872.26,Rural
509,92,390.28,3459.62,6468.88,2059.15,Rural
510,110,325.3,6019.33,7448.95,1765.5,Suburban
511,212,315.06,11041.31,6784.47,4324.37,Urban
512,81,376.85,5052.27,3285.95,1653.09,Urban
513,158,323.01,8147.68,5851.22,3261.23,Rural
514,111,330.54,4719.41,2522.95,3321.39,Urban
515,132,351.86,11997.87,4070.46,2944.63,Urban
516,167,333.46,7516.65,7864.17,1543.89,Urban
517,133,315.44,10380.54,2402.45,1714.37,Urban
518,174,326.64,8733.89,6874.54,3178.43,Rural
519,183,335.08,10675.18,5273.78,4498.11,Suburban
520,140,357.85,9183.95,3472.39,3370.08,Suburban
521,116,380.86,9997.63,2898.07,2393.25,Rural
522,130,393.33,4319.85,4631.07,4835.83,Rural
523,107,383.39,5458.13,6445.12,2841.86,Rural
524,182,312.7,5343.79,7632.64,3087.6,Urban
525,112,364.95,6199.78,6681.16,2955.38,Urban
526,123,369.04,5348.38,7020.38,4291.33,Suburban
527,175,303.2,10698.49,5744.02,2909.11,Rural
528,104,392.05,9613.73,2778.69,4511.33,Urban
529,137,347.85,10688.81,2897.65,3843.11,Suburban
530,180,326.65,9608.75,5726.63,3895.26,Suburban
531,111,385.65,9480.4,3350.5,4265.81,Rural
532,189,322.91,11850.05,7105.71,2685.39,Urban
533,106,379.19,4457.35,3869.21,3816.94,Suburban
534,146,364.68,9895.62,6719.1,2574.95,Rural
535,129,342.43,11585.72,5351.14,1282.48,Suburban
536,140,309.51,5393.16,6855.08,3493.83,Urban
537,116,300.35,3772.54,7944.66,1031.96,Rural
538,118,353.11,5060.33,3689.23,3724.19,Rural
539,126,352.43,5991.87,3071.67,2430.2,Rural
540,172,321.32,11566.19,6326.65,3309.1,Rural
541,130,371.69,11909.69,2093.05,2712.31,Urban
542,98,396.13,6946.44,7849.61,1245.7,Suburban
543,130,351.83,9299.13,4712.5,2763.01,Urban
544,146,317.45,11001.69,2291.07,4244.26,Urban
545,109,356.25,10507.44,3204,1327.41,Rural
546,108,375.93,9609.79,2630.97,2156.94,Urban
547,108,366.7,8822.13,2089.47,1993.82,Urban
548,203,322.49,10585.9,7593.53,3019.64,Urban
549,100,334.58,4436.77,3145.85,1137.79,Suburban
550,117,331.98,6273.36,7822.45,1440.85,Urban
551,102,390.49,5475.83,4126.15,4983.37,Urban
552,144,319.92,4123.15,7593.98,4774.28,Urban
553,123,368.1,8090.64,2811.13,3830.7,Urban
554,162,313.75,9059.16,7125.18,4577.55,Rural
555,118,310.7,3015.33,6577.4,2990.18,Rural
556,196,309.29,10208.29,5842.36,3566.01,Urban
557,103,391.64,4784.19,6907.8,1117.48,Suburban
558,153,327.71,9000.71,5014.49,2412.22,Suburban
559,141,388.58,10089.61,4235.99,2579.27,Suburban
560,108,377.29,11569.63,7344.39,1529.02,Suburban
561,103,379.51,6444.1,2415.35,4176.06,Suburban
562,126,320.57,7737.4,2443.98,3156.71,Urban
563,154,304.82,6495.19,6342.81,4127.09,Suburban
564,149,303.88,4185.55,7720.7,4302.47,Suburban
565,150,328.46,10269.47,3177.86,3700.47,Urban
566,164,334.88,9176.25,4616.6,2756.89,Urban
567,110,373.75,5637.89,3219.76,4682.95,Suburban
568,177,325.17,6779.54,7553.98,4155.83,Suburban
569,114,351.74,9617.35,5355.59,1140.26,Rural
570,133,375.94,10648.39,4250.34,4927,Rural
571,81,363.61,3697.18,2986.98,1540.53,Suburban
572,140,320.39,5554.78,7822.31,1527.43,Rural
573,94,399.3,3988.33,4304.7,2969.41,Rural
574,147,300.04,4997.45,4913.62,4001.55,Urban
575,116,320.66,3423.49,3322.17,3237.37,Urban
576,106,363.4,3547.89,4008.92,4821,Suburban
577,142,301.73,7802.67,5915.45,2188.85,Rural
578,131,302.67,3884.7,6518.37,1453.15,Rural
579,100,360.78,6765.12,3192.15,4538.05,Suburban
580,100,357.05,4086.63,3714.54,4470.33,Rural
581,131,324.59,11327.98,3196.41,1082.18,Rural
582,67,391.95,3086.67,5398.97,1005.03,Suburban
583,99,367.22,7350.03,3008.32,1620.87,Rural
584,156,364.55,9815.02,7661.79,3817.07,Suburban
585,178,320.83,11208.83,5026.45,4782.54,Suburban
586,113,348.06,9997.22,2282.42,3575.05,Suburban
587,158,398.65,11767.13,7326.84,4255.59,Suburban
588,85,399.31,4458.73,3180.67,1812.28,Rural
589,94,345.08,5805.62,3122.21,1258.18,Urban
590,113,371.48,6958.71,5396.76,1316.16,Urban
591,149,331.66,8860.39,5517.95,4179.58,Urban
592,152,383.37,9215.39,7819.83,4974.65,Suburban
593,121,343.4,4791.77,3535.25,3570.62,Suburban
594,138,399.6,10196.82,6795.81,3259.22,Suburban
595,102,380.58,9927.66,2829.1,1366.43,Urban
596,136,348.62,8934.14,3469.56,1797.67,Urban
597,115,353.88,4261.12,7174.35,3561.67,Suburban
598,180,334.1,9014.45,5707.13,4934.02,Urban
599,135,305.2,4371.01,3707.61,4256.28,Suburban
600,143,345.87,8200.91,5920.11,4457.76,Suburban
601,140,349.82,8522.67,7684.82,1639.38,Rural
602,117,328.28,4356.52,4754.34,2991.95,Suburban
603,124,377.64,7825.61,3476.27,3793.42,Suburban
604,163,330.39,8143.27,5190.6,4181.99,Rural
605,109,351.56,8432.22,6466.45,1433.12,Urban
606,155,347.8,10572.21,2923.97,3244.55,Urban
607,112,376.89,7748.75,7199.9,3807.4,Urban
608,146,316.39,5210.51,5868.13,2344.32,Rural
609,119,344.18,5686.74,7903.11,1651.17,Urban
610,138,352.34,10615.33,2961.91,2411.22,Rural
611,119,347.69,7033.83,3217.97,2414.21,Urban
612,174,352.46,9276.56,7039.01,2751.98,Urban
613,128,368.52,11526.61,5182.71,1595.07,Rural
614,89,335.18,8157.77,2697.35,1687.79,Rural
615,131,383.96,7435.75,6951.91,4029.23,Rural
616,126,392.19,7475.32,7068.72,2956.72,Suburban
617,133,310.63,3843.03,3847.71,2770.29,Suburban
618,180,320.65,11628.28,7419.22,4963.64,Rural
619,125,348.66,4792.6,6344.18,3763.8,Rural
620,132,332.38,7795.62,7299.98,1215.2,Suburban
621,130,347.17,4217.44,4000.17,3925.97,Urban
622,112,358.61,5166.36,7977.51,3243.81,Urban
623,123,322.4,4656.33,2771.22,2992.75,Urban
624,124,373.4,8945.01,2166.91,4364.24,Rural
625,99,315.05,3932.75,2075.83,2854.58,Suburban
626,103,369.76,5522.24,3325.76,1795.64,Suburban
627,127,326.41,3038.89,6179.59,3621.63,Urban
628,99,342.65,5029.14,2194.06,4949.2,Urban
629,123,372.13,9734.46,4197.26,3888.15,Suburban
630,74,347.45,3256.46,5080.46,1098.13,Rural
631,200,333.86,9708.48,7742.54,2973.07,Rural
632,135,324.06,8589.46,2625.75,1608.54,Rural
633,145,321.63,6609.55,2792.78,3649.14,Suburban
634,123,324.21,6084.05,5710.52,1109.34,Rural
635,108,356.49,5111.36,3875.63,4153.42,Urban
636,97,371.26,9875.14,4935.22,1094.76,Urban
637,145,310.81,4875.09,6741.57,4006.86,Suburban
638,80,351.91,5023.05,2091.88,1878.63,Suburban
639,111,385.22,8894.6,4382.26,4619.38,Rural
640,117,371.46,7470.29,6043.16,1239.3,Suburban
641,128,331.4,8306.57,6123.48,1117.19,Rural
642,159,311.58,6895.01,7424.71,1640.62,Urban
643,143,357.5,8970.22,7471.63,3539.67,Urban
644,151,383.14,8617.89,3587.39,4954.58,Rural
645,194,352.03,7517.37,7911.52,3245.98,Suburban
646,108,369.4,5682.65,2406.57,2609.43,Urban
647,133,349.99,9588.33,5122.95,1886.83,Rural
648,196,335.42,10594.24,7305.38,4677.07,Rural
649,87,396.48,9001.33,3205.93,1903,Urban
650,89,392.23,7542.31,5534.98,1148.57,Urban
651,137,320.46,9405.16,2834.28,3799.82,Rural
652,165,395.49,11780.79,7596.9,2404.9,Suburban
653,110,387.4,9210.35,3754.1,2444.54,Urban
654,137,369.73,11959.11,3610.79,2102.52,Urban
655,139,351.26,11565.59,4009.21,2589.32,Urban
656,137,348.08,9853.54,3296.26,4960.17,Rural
657,114,320.18,4311.34,2677.69,3775.98,Rural
658,140,310.02,4577.07,7202.79,2305.14,Suburban
659,199,347.26,11408.38,6350.07,4494.09,Urban
660,144,331.22,7318.13,7615.17,3882.34,Suburban
661,138,377.24,6322,7536.57,4922.5,Rural
662,96,390.11,5928.67,2658.46,4122.49,Suburban
663,137,333.52,7266.85,3972.65,4117.24,Urban
664,137,382.39,11379.07,6400.84,3374.74,Urban
665,151,322,7790.8,2894.55,4909.43,Urban
666,118,376.61,11248.69,6223.32,2128.73,Urban
667,119,356.07,5942.99,2608.1,4592.98,Rural
668,110,342.35,5737.4,5701.41,4057.57,Rural
669,116,383.86,3047.95,6676.37,3522.52,Urban
670,166,328.73,7342.74,5472.79,4198.12,Urban
671,132,347.07,6394.49,5075.44,3401.12,Suburban
672,69,378.08,4238.65,3725.89,1845,Urban
673,137,308.27,7648.54,2170.4,4893.01,Suburban
674,135,339.45,10229.66,3861.77,3351.88,Rural
675,124,309.57,3370.16,4704.53,1622.19,Suburban
676,109,313.33,9420.25,2523.65,1746.34,Rural
677,136,322.11,9379.38,5000.79,3102.77,Rural
678,186,327.41,11059.45,7994.66,3799.53,Urban
679,118,329.91,5476.46,3196.38,3305.1,Rural
680,118,337.48,4213.25,7421.4,2413.83,Suburban
681,108,349.15,11335.4,2665.88,1038.56,Suburban
682,110,387.86,8787.59,5635.98,1464.83,Rural
683,110,374.87,8440,3951.68,2450.03,Urban
684,112,395.52,5726.12,7167.52,3914.4,Rural
685,115,333.19,4936.08,3447.44,3542.2,Rural
686,130,382.42,10377.45,3800.81,2348.59,Suburban
687,147,313.27,8099.43,3500.21,1009.34,Urban
688,215,312.47,11140.75,6281.72,4300.1,Urban
689,105,372.81,8414.72,2063.83,3574.06,Suburban
690,88,354.84,4806.7,4557.59,1315.09,Suburban
691,148,360.85,10372.15,4643.87,2550.55,Urban
692,177,312.29,8907.3,5894.91,1523.57,Suburban
693,125,387.64,6939.05,6971.66,3684.08,Rural
694,96,384.23,4239.52,5493.27,2227.28,Rural
695,161,304.62,3189.07,7257.4,4054.08,Suburban
696,131,370.7,9374.62,3704.46,4054.46,Rural
697,162,353.48,3871.72,7885.86,4691.05,Suburban
698,98,394.55,3757.83,6752.52,2822.42,Urban
699,77,391.2,4760.88,5627.64,1183.83,Rural
700,193,345.6,11868,6870.52,3642.65,Rural
701,116,376.55,8985.38,2878.39,3066.57,Rural
702,127,350.5,11893.93,3550.69,1843.82,Urban
703,126,320.25,6490.96,6153.72,2053.54,Urban
704,120,371.71,10325.39,3854.48,1122.16,Suburban
705,128,376.81,5425.37,7185.8,3048.02,Urban
706,136,370.64,7297.43,6086.78,3551.24,Suburban
707,170,319.16,4791.77,7822.32,2794.49,Rural
708,117,329.79,9715.11,2743.83,2550.5,Suburban
709,144,332.51,8049.67,6748.34,1479.27,Rural
710,122,357.19,4942.49,5355.47,4875.98,Rural
711,103,388.25,4775.38,7531.64,1141.58,Suburban
712,88,387.71,3519.25,3698.87,2634.79,Suburban
713,146,338.59,6108.1,6018.38,4932.04,Suburban
714,103,373.78,8598.47,3136.91,4381.85,Suburban
715,78,379.63,4562.53,2604.28,1370.74,Rural
716,93,372.42,3053.07,3302.35,2047.15,Suburban
717,84,338.54,3742.77,3167.1,3433.4,Rural
718,96,329.82,4710.06,2363.68,2608.85,Rural
719,187,305.75,10472.32,7822.51,1534.98,Rural
720,105,367.37,6577.94,3521.43,4651.93,Suburban
721,127,319.8,3844.53,6555.86,4736.76,Suburban
722,118,362.51,11008.62,4366.21,2075.77,Suburban
723,114,313.82,7761.98,3512.94,1154.36,Rural
724,176,337.31,10432.9,6779.71,3415.6,Rural
725,134,331.41,5564.59,3441.1,1748.44,Suburban
726,125,381.52,10003.6,2898.2,3943.47,Rural
727,87,336.83,4304.33,3071.59,1445.65,Rural
728,133,343.96,5043.69,7627.93,4097.2,Rural
729,129,343.91,8420.73,5354.09,3080.2,Rural
730,126,360.18,11030.77,6374.61,1340.12,Urban
731,125,340.39,8809.28,4407.72,2247.12,Urban
732,109,395.83,6893.85,3358.55,2087.55,Suburban
733,129,397.08,11073.04,3038.93,4965.85,Suburban
734,120,391.45,11510.11,7944.46,2437.32,Rural
735,196,308.29,8647.45,7325.98,2993,Rural
736,111,347.69,3747.16,2476.48,4761.61,Rural
737,145,333.91,7004.42,5044.44,4634.08,Urban
738,155,367.34,6254.41,7344.13,3893.92,Rural
739,170,363.65,11958.35,6654.34,4176.49,Suburban
740,100,385.93,7494.14,2587.54,2067.53,Urban
741,99,394.83,5319.79,4111.7,4014.17,Urban
742,173,357.4,9519.95,6432.56,3167.73,Urban
743,119,353.53,4420.98,5416.64,3788.12,Rural
744,106,394.17,5839.12,5265.61,3390.5,Urban
745,124,389.24,5666.57,7095.92,3431.53,Urban
746,126,341.03,9115.26,3664.04,2063.83,Urban
747,153,305,7104.36,6502.35,1951.28,Rural
748,91,377.83,3174.48,3094.78,3470.98,Suburban
749,127,392.6,9533.01,6960.32,2463.13,Rural
750,136,337.75,5943.61,5596.94,4454.43,Suburban
751,124,324.49,8951.14,2203.27,3721.83,Rural
752,138,308.76,6195.56,5028.28,4655.8,Rural
753,139,339.11,7121.01,5421.96,1026.59,Urban
754,160,318.26,8264.87,6282.01,3942.49,Suburban
755,109,313.36,4762.59,4543.68,1127.07,Rural
756,134,325.75,5330.6,6325.91,2168.43,Urban
757,121,355.32,10831.78,3546.69,2348.23,Urban
758,119,314.81,4073.42,7510.06,3813.45,Rural
759,105,396.29,10382.16,3725.01,1124.07,Urban
760,145,394.45,8149.66,7632.67,4401.62,Rural
761,110,399.23,5109.75,7718.65,3180.74,Suburban
762,109,370.62,8166.18,2861.01,3982.16,Rural
763,166,314.08,9785,5999.58,3723.32,Urban
764,178,300.9,3925.91,7658.05,2725.63,Urban
765,132,368.65,9063.08,4655.06,4247.25,Urban
766,109,368.12,4018.68,4760.37,4597.13,Rural
767,149,391.75,10668.36,6956.85,4469.11,Rural
768,134,340.84,6590.56,6078.54,2651.86,Suburban
769,172,342.24,8035.24,3756.24,3858.37,Rural
770,141,353.73,7369.43,5724.4,4040.34,Suburban
771,109,341.36,4142.29,5331.29,3829.9,Suburban
772,173,309.76,10547.05,5240.4,2261.46,Urban
773,192,338.03,10099.81,7556.19,3379.1,Rural
774,131,319.8,8971.69,3894.41,2574,Suburban
775,124,372.5,5097.79,4218.25,3054.46,Rural
776,177,301.1,11583.79,4075.95,2610.77,Rural
777,101,391.89,9308.78,3272.6,1838.08,Suburban
778,156,390.02,8265.08,7620.81,4939.27,Rural
779,121,375.42,11575.95,3750.47,4948.19,Rural
780,180,395.19,11206.64,7974.64,4869.55,Rural
781,79,362.56,3701.77,2880.06,1856.11,Urban
782,99,365.6,3607.99,7108.76,2584.79,Rural
783,166,338.14,11467.61,5598.41,4820.71,Urban
784,146,306.56,4505.57,7017.88,2699.88,Rural
785,140,369.09,11207.98,5770.95,4304.46,Rural
786,108,312.75,4514.86,4724.81,4547.75,Rural
787,157,329.13,5686.57,6823.46,4916.36,Urban
788,94,363.22,3346.75,2728.73,3256.06,Suburban
789,153,339,6607.21,7785.25,4071.21,Urban
790,157,307.04,8515.37,5220.64,1619.15,Rural
791,121,386.36,5217.64,7520.15,2349.19,Rural
792,106,338.52,3207.25,5247.59,4629.96,Suburban
793,113,367.08,5557.93,2633.03,2513.51,Urban
794,166,302.12,10316.03,5350.2,2972.26,Rural
795,138,359.52,9470.27,7863.21,1347.23,Urban
796,169,327.62,7766.19,4969.03,2322.33,Rural
797,132,339.91,4659.04,5332.31,4401.19,Suburban
798,174,314.58,9044.6,7517.79,2533.84,Urban
799,98,382.41,6820.73,4097,3073.73,Rural
800,159,314.04,8054.99,7665.66,3585.43,Urban
801,119,390.9,6985.1,7809.48,2907.86,Rural
802,134,389.99,11397.61,7051.52,2627.47,Rural
803,184,319.23,7153.8,5995.91,3122.34,Rural
804,126,353.23,8660.85,3386.15,4593.84,Urban
805,127,352.21,8147.92,7749.53,2052.63,Suburban
806,184,316.03,9156.85,5307.66,4103.86,Rural
807,146,351.96,11503.38,4895.85,2343.99,Rural
808,136,322.45,3304.1,7579.52,4041.7,Rural
809,149,328.15,5932.88,3394.18,4125.32,Urban
810,147,350.37,10242,6454.76,1046.24,Rural
811,130,315.9,4920.07,2147.91,4620.22,Rural
812,104,392.06,6551.34,3468.37,4316.42,Urban
813,158,349.9,10073.12,7220.6,3092.98,Suburban
814,88,361.53,3197.34,4287.07,1901.72,Urban
815,107,374.39,8833.82,3123.49,3387.7,Suburban
816,101,361.68,8174.87,2935.97,2788.23,Rural
817,135,393.01,8338.81,6849.33,3367.43,Suburban
818,162,308.04,8335.77,6865.95,1994.65,Urban
819,178,302.81,9504.62,5286.3,3299.46,Suburban
820,148,354.15,9770.12,3761.5,2830.82,Urban
821,114,324.12,3710.87,6090.15,2617.85,Suburban
822,154,364.48,9562.37,7061.63,1036.43,Suburban
823,170,337.77,10705.58,7384.15,3865.54,Rural
824,183,304.69,9410.7,7495.86,1452.6,Rural
825,148,304.81,9075.5,3882.36,4039.36,Suburban
826,155,396.28,11788.31,6963.73,4667.17,Rural
827,145,322.65,10463.5,3933.25,3324.7,Suburban
828,149,301.14,11525.53,4062.83,1717.05,Urban
829,120,321.85,5472.73,4450.18,3838.24,Rural
830,125,305.59,8167.15,2837.74,1363.63,Suburban
831,129,323.5,3294.68,7133.05,2138.89,Urban
832,126,340.27,6993.86,3299.34,4263.34,Rural
833,139,301.43,5825.85,3904.82,3305.64,Rural
834,120,336.18,5048.32,5248.39,2778.42,Rural
835,122,358.45,4640.2,4582.04,3931.26,Urban
836,150,360.58,10496.22,4189.42,2927.53,Rural
837,144,326.37,11881.96,6722.47,2829.24,Suburban
838,108,367.51,4707.24,7217.52,2247.07,Suburban
839,125,393.58,6056.69,6691.61,2802.51,Suburban
840,176,300.36,7148.58,5035.59,1979.37,Urban
841,127,378.7,6731.59,6723.3,2283.83,Rural
842,112,380.69,10613.82,2093.1,4612.98,Rural
843,195,307.3,10704.94,5117.37,3867.26,Suburban
844,133,356.7,7064.29,6866.64,2024.14,Urban
845,163,353.92,9592.37,6662.92,3402.46,Rural
846,170,313.77,9083.7,7824.31,1422.06,Urban
847,203,327.63,9745.93,5675.35,4984.93,Rural
848,145,335.18,11633.01,3842.33,1864.58,Suburban
849,120,381.28,11961.99,3580.56,2786.02,Rural
850,212,317.15,11823.19,5858.18,4431.4,Suburban
851,141,352.12,8093.7,7786.49,3177.68,Urban
852,111,376.46,11244,4404.38,1097.43,Suburban
853,96,328.88,11744.59,2187.38,1624.99,Suburban
854,137,343.68,11670.85,2757.4,3074.5,Rural
855,157,366.95,8401.29,6806.55,4250.79,Urban
856,109,303.69,4764.52,3853.69,2710.56,Rural
857,137,356.06,3650.52,5802.2,2517.36,Urban
858,85,393.24,6668.8,4630.08,1133.72,Suburban
859,93,343.46,3116.69,5054.52,3211.87,Rural
860,125,393.62,11903.83,4092.7,3804.54,Rural
861,122,397.83,9678.47,3622.8,4311.02,Rural
862,134,367.68,10238.85,5703.14,2764.48,Suburban
863,134,329.83,4429.53,4383.37,4745.82,Suburban
864,122,320.83,10360.83,2508.96,2366.98,Urban
865,169,331.89,7650.66,7787.09,2609.12,Rural
866,156,385.44,11055.4,7043.45,4782.55,Rural
867,209,306.11,11659.98,4768.18,2442.78,Suburban
868,138,318.2,9888.77,3071.35,1653.21,Suburban
869,135,348.38,8721.96,4101.85,3329.49,Suburban
870,156,333.83,11580.79,4532.66,2580.39,Rural
871,114,381.34,6483.17,3139.24,4546.87,Suburban
872,107,387.04,5241.49,6076.07,4158.29,Suburban
873,107,301.92,3244.27,3860.58,3185.58,Urban
874,115,382.47,6162.14,6750.36,1252.68,Rural
875,123,340.13,4905.01,4798.47,3304.62,Suburban
876,77,367.21,5827.34,2368.82,1849.25,Suburban
877,113,311.87,5541.93,2523.66,4136.99,Rural
878,111,347.64,5647.48,3063.96,3076.19,Suburban
879,161,392.53,9777.7,7240.51,4081.21,Suburban
880,127,357.48,6788.01,4489.78,3451.54,Urban
881,131,391.28,9170.53,5233.79,4445.65,Urban
882,99,375.53,11551.93,2560.61,1314.17,Rural
883,113,363.1,7550.13,7571.25,1101.68,Urban
884,107,379.44,4706.02,5491.01,4754.22,Suburban
885,120,392.35,8143.67,7034.12,1474.07,Suburban
886,146,316.45,9060.54,4451.69,2819.54,Suburban
887,146,319.29,6479.64,7528.25,1475.46,Rural
888,171,309.76,11700.37,7875.68,1314.7,Rural
889,105,382.91,7608.51,2544.75,3587.62,Urban
890,77,380.59,3331.95,2357.61,1385.43,Urban
891,153,327.93,8463.57,6313.41,1349.7,Suburban
892,152,344.9,10349.43,4378,4279.33,Suburban
893,114,362.59,9060.07,4152.46,2638.35,Urban
894,115,337.09,4408.69,2617.89,4814.97,Suburban
895,165,338.23,11695.78,4887.89,3655.78,Rural
896,97,391.45,11316.02,3155.11,1821.3,Urban
897,128,339.03,4197.58,3646.56,4895.46,Urban
898,211,307.03,10097.68,7591.07,3170.35,Suburban
899,131,370.75,11368.81,5510.94,2619.08,Suburban
900,152,369.3,8806.07,2448.22,4504.35,Suburban
901,125,309.61,9741.48,5223.79,2966.54,Suburban
902,180,303.69,7128.02,7419.69,2472.66,Suburban
903,86,340.09,3550.2,2102.06,3372.59,Suburban
904,120,301.15,3300.7,4105.23,2625.77,Urban
905,115,356.79,6517.85,6818.1,2103.23,Rural
906,93,394.49,4693.67,6477.94,1527.28,Rural
907,104,334.33,5381.06,5368.06,1002.75,Suburban
908,117,324.45,4805.7,2801.78,2952.53,Urban
909,112,354.17,4578.69,2993.36,4738.56,Rural
910,218,311.77,11066.2,6879.36,4828.56,Suburban
911,98,337.49,3558.34,2812.13,2462.31,Urban
912,161,332.75,6700.19,7185.64,4869.62,Rural
913,89,394.72,5795.55,3470.12,1946.84,Suburban
914,103,391.06,6876.4,2453.34,1641.28,Rural
915,104,376.24,5984.86,2339.83,3453.17,Suburban
916,122,375.81,5144.1,7071.85,3931.39,Urban
917,119,399.85,6358.27,5328.72,2073.85,Rural
918,140,358.04,7416.28,4398.41,4740.41,Urban
919,133,321.33,3176.81,7600.98,4285.03,Suburban
920,125,313.36,3265.61,7540.66,3856.79,Suburban
921,129,379.23,9035.18,5458.84,2299.51,Suburban
922,112,398.19,10420.94,3735.25,1678.39,Rural
923,128,398.2,9950.45,6205.74,4215.74,Rural
924,163,312.54,9900.89,5545.26,4134.93,Urban
925,100,361.83,10066.19,2414.06,2630.68,Rural
926,99,385.82,11260.08,3515.85,1389.2,Urban
927,141,313.94,10016.13,2371.27,1655.78,Urban
928,153,336.66,6785.3,6027.36,3523.34,Rural
929,133,315.71,8215.12,3110.06,4078.02,Suburban
930,147,344.78,10179.29,7192.98,4420.77,Urban
931,133,348.59,11360.96,6587.4,4970.76,Urban
932,89,395.02,4019.82,6581.21,2431.76,Suburban
933,86,390.48,4713.52,3129.28,1641.91,Rural
934,91,394.02,9940.5,2868.09,2085.96,Suburban
935,105,377.35,3989.87,6270.69,2318.81,Suburban
936,193,309.22,8639.12,7335.11,1541.67,Urban
937,119,301.62,8690.32,4480.56,1484.5,Rural
938,150,333.35,10799.57,3901.37,3381.75,Suburban
939,158,324.19,9032.97,5896.23,4777.23,Suburban
940,161,379.21,10620.27,5583.93,4614.35,Urban
941,104,349.64,5049.1,2896.25,3202.55,Urban
942,124,351.39,4199,7432,2547.23,Suburban
943,121,307.24,7631.4,3027.87,1039.92,Urban
944,170,334.51,9144.38,5776.06,4744.43,Urban
945,111,375.63,8640.93,4751.12,1056.07,Rural
946,132,338.51,11748.82,3983.54,2450.87,Rural
947,199,300.69,8831.16,4504.02,4304.71,Urban
948,140,371.84,5633.88,6016.32,3285.72,Urban
949,118,355.7,10286.73,2220.97,3470.37,Rural
950,156,307.01,9978.04,4003.57,2529.84,Rural
951,118,334.78,10422.21,6226.37,1093.2,Rural
952,143,341.3,8012.49,4370.9,3867.11,Rural
953,64,331.17,3068.17,2153.64,1457.07,Urban
954,138,373.76,7186.21,7803.5,3968.96,Rural
955,133,338.83,11622.05,4033.91,3619.25,Suburban
956,141,361.94,9882.58,7260.99,3103.67,Suburban
957,134,362.35,9082.25,5131.89,3071.4,Suburban
958,133,380.24,10526.95,5467.54,1833.7,Rural
959,104,365.41,5557.95,3448.04,1124.04,Suburban
960,100,367.95,5794.79,2551.65,4596.19,Urban
961,100,341.08,4192.55,2481.1,4096.53,Suburban
962,129,366.33,8363.4,7759.7,1664.94,Suburban
963,154,302.71,10355.56,4070.07,2340.68,Rural
964,138,381.59,9960.41,6882.79,3281.43,Urban
965,186,307.5,8657.22,4736.22,4573.13,Rural
966,83,390.1,3960.69,2555.31,1159,Suburban
967,188,307.08,10735.53,3066.34,3695.08,Suburban
968,192,319.11,11348.47,6922.07,4188.12,Suburban
969,114,377.69,7283.57,2524.11,4526.23,Suburban
970,123,320.31,4606.44,6621.41,2026.44,Urban
971,84,340.38,6634.22,2696.72,1099.07,Suburban
972,177,344.62,11763.58,6485.69,3222.75,Urban
973,149,360.63,11887.51,3791.48,4089.41,Suburban
974,173,357.64,7811.16,6304.86,4505.57,Urban
975,121,305.95,3187.88,3952.45,4413.78,Rural
976,132,318.27,5536.92,6346.55,4875.88,Urban
977,179,329.61,8868.63,7532.73,3799.68,Suburban
978,139,337.61,11351.13,6135.44,2471.68,Urban
979,89,371.31,8848.31,2595.66,1529.2,Rural
980,170,312.51,7881.91,7019.61,4003.61,Urban
981,143,342.92,9026.03,5890.72,2923.81,Urban
982,157,303.04,11598.97,3649.7,4523.66,Rural
983,131,345.42,9404.63,4029.01,1110.47,Urban
984,106,379.43,6058.84,5491.49,1396.97,Rural
985,113,347.13,6520.06,5221.96,2135.01,Urban
986,134,323.64,5708.89,5379.47,4204.52,Suburban
987,98,388.7,10904.26,3520.87,1908.68,Urban
988,136,312.6,6723.82,5255.22,1168.86,Suburban
989,134,326.93,3063.53,6733.78,3540.08,Rural
990,80,388.25,3734.21,3105.34,3024.77,Suburban
991,105,375.05,4892.22,2265.66,4939.06,Urban
992,156,309.77,9035.44,5628.17,2093.58,Suburban
993,125,381.56,7073.22,5366.95,3527.23,Rural
994,129,385.84,6851.93,4506.91,3773.13,Urban
995,142,311.72,8083.43,5062.41,2352.09,Suburban
996,117,313.74,3418.27,6413.04,1443.76,Suburban
997,168,354.83,8920.24,7126.91,4288.71,Suburban
998,175,305.9,9333.59,5298.82,4413.2,Rural
999,149,349.55,9648.29,4467.18,4113.56,Rural
1000,169,300.74,7991.65,3411.79,4989.29,Urban
1001,114,384.83,3591.4,6141.58,3392.89,Urban
1002,183,306.27,8152.02,6365.98,2429.02,Urban
1003,113,381.98,7527.54,5931.72,2022.08,Urban
1004,154,353.94,7094.45,6119.85,4600.14,Urban
1005,158,349.9,9299.27,3553.07,3880.38,Rural
1006,116,302.22,6673.14,3836.57,1011.2,Suburban
1007,175,355.41,11168.72,4799.74,4020.47,Rural
1008,95,371.99,5083.75,4177.69,3980.12,Urban
1009,133,323.57,7093.11,4681.11,3459.22,Suburban
1010,140,381.19,10119.41,7899.81,2019.85,Urban
1011,155,342.15,11505.96,7211.35,4891.06,Urban
1012,156,356.49,9999.18,5304.94,4130.65,Suburban
1013,131,315.17,6502.37,5567.2,4957.79,Rural
1014,155,319.48,10704.81,3868.77,4623.43,Suburban
1015,129,316.68,7320.92,5685.93,1645.14,Urban
1016,90,383.51,4320.09,3685.3,1354.2,Suburban
1017,164,311.11,8072.79,7942.7,3623.79,Suburban
1018,146,326.81,4438.85,6360.65,2484.06,Suburban
1019,96,379.85,5769.3,5968.42,1435.61,Suburban
1020,168,329.89,10110.46,5891.73,4374.93,Urban
1021,116,386.76,9866.87,5849.02,2171.93,Urban
1022,221,303.94,10567,6338.48,4267.02,Suburban
1023,103,333.98,3802.67,6215.16,2327.8,Rural
1024,128,330.96,5901.44,4250.18,1841.41,Suburban
1025,186,312.95,7479.74,7635.16,2775.98,Suburban
1026,109,337.38,4675.72,3678.97,3100.25,Suburban
1027,127,346.5,5649.7,6991.08,4842.55,Rural
1028,126,304.66,8599.47,2346.47,1045.8,Suburban
1029,90,398.75,5629.48,5794.9,1812.92,Urban
1030,91,390.85,3981.12,6456.88,2568.27,Rural
1031,112,397.94,10877.03,3623.69,3786.09,Rural
1032,165,317.05,9231.37,7861.12,3036.21,Rural
1033,229,304.27,10682.86,5836.84,4137.59,Suburban
1034,163,314.28,11585.3,2218.06,4860.62,Suburban
1035,171,336.06,11504.83,5337.6,3382.46,Suburban
1036,106,354.44,3179.95,6429.94,3923.88,Urban
1037,103,393.74,6563.71,2198.94,3848.93,Rural
1038,87,363.55,5380.84,2505.35,2852.21,Urban
1039,103,348.47,7616.31,2369.93,2030.84,Urban
1040,192,308.59,9852.55,4115.97,4389.07,Suburban
1041,65,394.49,3543.43,2218.26,2293.34,Urban
1042,161,334.67,11397.04,4677.61,3465.55,Suburban
1043,127,336.93,6140.47,7528.37,1992.39,Urban
1044,128,362.41,6706.18,5616.48,4169.35,Rural
1045,127,372.74,11650.32,6390.94,1056.7,Suburban
1046,135,319.79,7779.66,4103.76,2216.28,Suburban
1047,111,358.87,6046.61,2056.25,3937.35,Urban
1048,148,384.29,8676.79,6506.57,4228.18,Rural
1049,103,399.94,4095.65,6078.57,2355.61,Rural
1050,196,301.14,11077.22,4011.69,3992.28,Urban
1051,136,382.13,7650.38,5152.69,2720.11,Urban
1052,181,320.56,10285.19,5469.54,4299.24,Rural
1053,188,311.38,11043.37,4393.25,3988.23,Urban
1054,124,368.81,6416.17,7020.04,2806.45,Suburban
1055,104,327.3,3515.57,3369.68,3079.57,Urban
1056,136,382.32,6111.59,7010.19,4403.25,Rural
1057,99,364.44,6598.35,2613.3,2822.52,Urban
1058,121,352.79,8458.4,5467.27,1489.94,Rural
1059,181,302.87,9120.42,6834.97,2193.4,Suburban
1060,145,328.72,4862.47,6710.35,1585.62,Rural
1061,159,303.56,11784.08,3691.95,4787.75,Suburban
1062,91,389.79,3248.06,7242.39,2307.96,Suburban
1063,144,313.1,5421.7,4684.32,3221.91,Suburban
1064,153,305.14,5721.33,4051.97,4564.08,Suburban
1065,148,336.39,11421.05,6328.04,3190.37,Urban
1066,110,369.55,8456.31,2880.19,4303.18,Suburban
1067,108,389.23,5992.91,6222.05,4345.7,Rural
1068,140,324.43,8036.96,3092,4350.5,Urban
1069,131,339.2,4361.4,4082.05,3591.2,Urban
1070,118,362.02,7116.67,4691.31,2250.41,Urban
1071,92,356.45,4154.94,3766.33,1757.49,Urban
1072,188,304.14,3554.31,7475.05,4510.6,Suburban
1073,122,347.42,6712.57,5614.14,2368.82,Urban
1074,114,394.92,7919.71,4515.07,2993.28,Urban
1075,114,324.03,7419.53,2716.06,1874.17,Urban
1076,100,367.81,8444.55,3395.61,1874.16,Rural
1077,105,391.34,6360.46,5721.5,1184.56,Urban
1078,169,304.56,11809.32,6120.56,1825.21,Suburban
1079,187,313.64,10682.86,5413.18,2734.77,Rural
1080,110,310.04,3071.78,4125.15,3170.19,Urban
1081,149,340.97,8176.49,5593.58,3894.91,Urban
1082,107,396.99,4383.85,7813.69,4891.79,Rural
1083,123,336.4,7120.74,4343.21,2208.69,Urban
1084,152,372.49,8669.35,7116.89,3950.42,Urban
1085,78,370.27,5460.62,2253.73,3681.86,Urban
1086,115,302.48,3953.61,4548.33,2670.3,Suburban
1087,81,394.6,3877.36,2134.34,4100.22,Suburban
1088,106,353.35,11684.82,2192.43,2386.98,Suburban
1089,89,369.63,3225.34,2589.27,2820.12,Urban
1090,166,304.53,11069.86,7656.79,1717.67,Suburban
1091,108,391.66,8260.47,5856.54,2270.11,Rural
1092,124,303.28,8962.77,2881.35,1079.62,Urban
1093,108,377.73,7590.96,4637.08,1965.21,Rural
1094,114,352.61,5224.66,4431.35,3440.62,Suburban
1095,152,326.61,11224.89,3388.67,2559.92,Urban
1096,132,350.49,8150.69,6124.65,1184.61,Urban
1097,110,353.25,8530.59,3302.69,4764.46,Rural
1098,203,308.69,7815.62,6986.24,4741.33,Rural
1099,153,391.56,10086.04,6256.26,3145.16,Rural
1100,131,356.4,9881.62,5139.21,2799.84,Suburban
1101,105,305.92,7647.12,2321.64,2287.89,Rural
1102,102,367.27,5733.43,5747.34,3144.12,Urban
1103,95,362.73,4859.27,6636.94,2304.79,Urban
1104,152,307.29,6980.69,4295.58,2896.19,Suburban
1105,159,343.77,8525.59,6040.35,3116.54,Urban
1106,132,364.15,8866.37,2173.27,4383.31,Urban
1107,116,381,8696.92,3152.8,3209.01,Urban
1108,180,339.18,9492.71,6399.7,3824.66,Suburban
1109,106,377.34,4861.67,4766.4,4643.16,Suburban
1110,98,387.34,6485.67,4691.15,2758.46,Suburban
1111,136,361.83,7396.79,6884.59,2344.06,Rural
1112,159,335.77,5789.7,7458.14,4681.66,Urban
1113,125,393.23,11795.63,7469.83,4342.8,Urban
1114,173,374.47,10400.78,7497.89,4377.91,Urban
1115,131,306.36,4164.54,7590.51,2056.11,Suburban
1116,156,310.82,7241.62,5237.29,3242.01,Rural
1117,129,381.88,11365.62,5868.24,3347.87,Suburban
1118,82,379.31,4309.37,2364.19,1578.43,Rural
1119,140,305.71,6691.67,4490.53,2459.18,Suburban
1120,87,390.76,3739.13,5102.75,4582.53,Suburban
1121,159,372.16,11377.84,6053.74,4371.08,Urban
1122,108,390.27,10365.09,4174.54,4076.23,Urban
1123,117,353.57,4796.39,4388.96,4675.36,Rural
1124,130,334.85,8639.91,3469.56,2422.9,Suburban
1125,144,383.33,7262.5,2947.69,4750.61,Urban
1126,136,379.03,8703.37,5184.45,3367.73,Rural
1127,136,353.14,8599.7,6804.23,4012.72,Rural
1128,122,377.87,11000.51,4656.53,1320.34,Rural
1129,158,305.84,7096.6,6538.19,2226.62,Rural
1130,170,345.81,11184.17,5828.6,4212.54,Suburban
1131,162,302.23,9704.71,7378.08,2802.26,Suburban
1132,130,373.99,9822.92,4298.22,1130.46,Rural
1133,145,370.57,6903.66,7713.19,3473.68,Urban
1134,136,300.57,3315.18,6263.99,4090.96,Rural
1135,117,347.08,10979.8,7576.82,1073.71,Rural
1136,119,359.62,6057.76,4248.36,2815.35,Suburban
1137,148,328.4,8108.94,6710.22,4689.02,Suburban
1138,102,305.52,3338.28,3314.66,3543.27,Rural
1139,144,337.79,9800.97,4912.76,1570.16,Rural
1140,154,353.02,10867.9,6087.37,1821.86,Rural
1141,112,325.1,4061.11,4781.8,2291.96,Urban
1142,99,394.41,5219.08,7634.86,3645.43,Urban
1143,98,343.75,5296.3,4039.12,4634.06,Rural
1144,69,370.11,3074.08,2002.3,4273.5,Suburban
1145,146,317.58,10758.32,3304.3,3636.06,Urban
1146,102,324.2,6699.68,2216.4,2403.02,Urban
1147,174,302.37,9250.94,4089.4,3726.63,Urban
1148,99,332.88,5871.59,2587.72,2267.98,Suburban
1149,140,341.31,7013.53,6382.03,1906.87,Urban
1150,205,310.88,10268.03,6414.81,3038.49,Suburban
1151,101,385.21,7110.19,5898.57,1218.45,Rural
1152,138,300.91,6052.43,7313.97,2029.03,Urban
1153,87,396.98,9973.61,2683.85,1857.37,Suburban
1154,131,380.46,11783.55,3619.66,2277.6,Rural
1155,125,350.1,6703.07,7307.08,3768.68,Rural
1156,171,393.42,9095.99,7829.06,4907.51,Urban
1157,162,346.79,7768.87,7410.04,4053.49,Suburban
1158,125,351.1,4156.99,6177.4,2487.34,Suburban
1159,97,383.22,3448.98,7585.83,3069.16,Rural
1160,107,316.06,3334.82,6488.82,1424.99,Rural
1161,130,352.14,11657.72,2663.31,2386.95,Urban
1162,109,343.36,6123.66,5230.23,1047.59,Rural
1163,160,333.18,10003.37,4038.44,3592.12,Suburban
1164,118,344.8,4995.1,6350.66,2002.87,Rural
1165,154,304.12,10176.39,4046.34,2067.32,Rural
1166,166,324.34,6167.59,6504.21,1992.79,Suburban
1167,124,310.32,3255.24,3955.61,3781.84,Urban
1168,105,336.31,8797.67,3727.95,2395.4,Rural
1169,113,365.77,7425.19,3716.84,1541.47,Urban
1170,94,342.5,5394.58,3232.86,1492.21,Urban
1171,149,307.22,6071.65,3726.42,4874.63,Rural
1172,109,368.71,3619.86,3592.11,3719.33,Urban
1173,85,385.28,3759.16,2995.31,1013.66,Urban
1174,82,386.72,11525.86,2986.16,1034.24,Suburban
1175,145,308.91,9898.67,3720.67,4687.58,Suburban
1176,204,301.3,11630.37,5070.67,4211.66,Suburban
1177,130,342.33,11022.81,4219.59,2024.54,Rural
1178,139,397.33,11926.32,7649.27,3205.78,Suburban
1179,150,349.91,5610.49,5460.65,4579.07,Rural
1180,126,399.47,10037.27,5222.78,4626.53,Urban
1181,107,349.49,6684.24,6365.74,1288.42,Urban
1182,140,312.3,6391.13,3901.38,3949.1,Suburban
1183,169,356.04,11608.52,6985.62,2481.69,Suburban
1184,170,323.93,7550.42,5967.03,4792.92,Urban
1185,96,372.53,3445.42,3269.71,3333.94,Urban
1186,81,378.6,4192.95,4088.42,3200.73,Urban
1187,137,344.98,9944.66,5101.82,1625.47,Rural
1188,181,346.91,10368.95,7436.51,3600.12,Urban
1189,162,340.19,6390.77,7941.48,2185.61,Suburban
1190,57,390.24,3389.88,3753.31,1313.37,Suburban
1191,115,356.37,7086.89,3932.53,3758.88,Rural
1192,113,369.1,3862.74,5774.62,2679.45,Rural
1193,151,333.23,5435.47,6622.88,3833.29,Rural
1194,146,309.49,11407.13,3375.37,1257.65,Rural
1195,89,393.79,10772.51,3454.89,1439.09,Suburban
1196,128,367.1,11992.22,2784.83,4429.77,Suburban
1197,109,301.5,4168.52,7139.87,1628.24,Suburban
1198,134,311.31,7907.61,2600.75,2999.08,Suburban
1199,127,384.78,10489.15,6243.81,3328.24,Suburban
1200,116,344.68,11715.68,5266.54,1052.77,Urban
1201,150,340.19,11281.86,3075.53,4687.27,Suburban
1202,129,343.22,4413.24,3164.33,3662.74,Rural
1203,97,366.36,3452.98,7084.18,4089.98,Suburban
1204,164,318.24,10491.32,6041.3,3458.55,Urban
1205,93,383.83,4169.02,7219.17,1257.31,Rural
1206,111,391.74,6452.39,5754.77,3992.98,Suburban
1207,117,379.83,9506.3,6867.97,1942.96,Rural
1208,135,350.31,3523.34,7605.2,4955.95,Rural
1209,78,325.45,4525.12,2016.92,1132.06,Urban
1210,119,366.72,6438.63,4845.84,3465.18,Suburban
1211,120,394.11,5201.55,5343.09,4134.38,Suburban
1212,109,398.08,6752.51,3307.06,4578.24,Urban
1213,130,305.23,5952.29,7614.38,1767.45,Suburban
1214,147,338.24,4152.27,7866.75,2728.4,Rural
1215,117,380.62,6287.17,4591.93,2982.66,Suburban
1216,144,354.79,8366.1,6847.61,2380.92,Suburban
1217,147,330.45,9832.71,3531.33,3915.14,Suburban
1218,137,340.23,7852.03,5533.53,3929.47,Suburban
1219,131,302.76,5459.27,4632.13,2788.31,Suburban
1220,114,384.9,11423.9,3126.4,4283.5,Suburban
1221,105,303.1,7820.38,2051.51,1791.17,Suburban
1222,133,365.23,10836.04,4288.54,1855.06,Suburban
1223,106,359.68,9926.3,2764.99,3183.33,Rural
1224,189,331.26,9293.74,7765.53,4581.55,Suburban
1225,73,398.69,3555.61,4791.41,1366.16,Rural
1226,118,382.89,9883.64,3400.19,1776.69,Urban
1227,148,360.77,5206.91,6789.4,4964.85,Suburban
1228,129,313.81,4059.36,6022.17,2328.17,Urban
1229,116,387.09,10245.44,5503.94,1025.13,Suburban
1230,162,357.71,11845.84,6002.89,3322.14,Urban
1231,113,379.92,6179.39,6436.11,4944.91,Suburban
1232,151,302.82,3778.37,6026.8,3312.96,Suburban
1233,109,325.64,3050.59,2906.07,3864.54,Rural
1234,114,375.68,6956.95,5637.96,3378.46,Rural
1235,99,382.99,4759.49,7587.98,2118.78,Urban
1236,101,352.37,3522.26,4287.32,2346.51,Suburban
1237,139,363.79,10134.82,7298.42,3433.15,Suburban
1238,125,348.79,5812.29,6200.11,1957.1,Suburban
1239,136,358.18,6013.55,6388.74,2922.97,Urban
1240,159,310.04,11868.75,3689.51,2734.2,Rural
1241,115,384.16,6085.85,4588.1,4951.41,Suburban
1242,142,340.25,9248.52,6356.96,2456.55,Rural
1243,134,377.26,6978.47,6833.24,4945.51,Urban
1244,102,395.15,6275.09,4610.29,3437.3,Rural
1245,197,326.55,9876.66,3605.6,4113.65,Rural
1246,148,382.93,9981.34,6702.1,3103.84,Urban
1247,113,365.37,5805.13,3139.48,2552.53,Rural
1248,95,379.85,5343.84,2990.6,4093.31,Rural
1249,127,318.62,9146.53,2077.52,3241.07,Urban
1250,157,375.47,9521.9,4243.83,2145.43,Suburban
1251,115,373.59,9450.57,5459.74,1869.48,Rural
1252,118,375.18,6937.67,6819.64,2614.75,Suburban
1253,88,333.26,4387.21,2062.22,1676.73,Rural
1254,172,305.75,3969.53,7281,4708.69,Rural
1255,89,367.44,7277.99,4941.76,2521.74,Rural
1256,234,304.16,11373.87,5589.61,3522.85,Suburban
1257,117,364.36,5656.65,6023.1,4748.4,Urban
1258,110,329.96,7081.35,4504.19,1484.74,Suburban
1259,146,339.34,8954.8,6710.68,2264.86,Suburban
1260,131,392.35,6740.03,6417.98,3903.46,Urban
1261,102,367.92,3591.68,7079.4,3434.85,Rural
1262,88,371.75,3935.3,5968.96,3106.47,Suburban
1263,151,371.71,11443.07,6384.85,4607.83,Suburban
1264,173,322.82,11452.55,7379.06,1536.76,Suburban
1265,156,340.88,11197.66,3170.07,3656.88,Urban
1266,126,357.11,4301.05,7892.96,1678.67,Rural
1267,109,387.95,4796.89,6880.81,3804.68,Urban
1268,163,359.47,8957.31,5487.32,3351.23,Urban
1269,111,391.81,5263.22,5151.36,2026.44,Rural
1270,169,335.14,10526.52,7553.39,3524.94,Suburban
1271,114,325.4,4636.29,2186.69,3193.69,Urban
1272,164,371.41,11531.46,6339.7,2879.36,Rural
1273,114,321.85,7011.27,4729.77,1647.42,Suburban
1274,188,344.34,10764.56,6540.4,2905.22,Rural
1275,87,369.62,5773.55,2223.57,1899.78,Suburban
1276,150,367.35,10931.47,6160.43,2413.3,Urban
1277,119,318.05,7903.57,2876.35,1491.29,Urban
1278,116,373.17,8734.98,3490.34,4481.59,Suburban
1279,115,332.66,3273.43,3607.05,2315.82,Urban
1280,168,335.24,6683.69,5522.62,4270.64,Urban
1281,105,378.9,8066.88,3671.73,3524.67,Suburban
1282,93,336.45,4260.9,3472.27,1151.17,Suburban
1283,165,328.32,7555.88,6938.18,2839.64,Urban
1284,119,326.06,8085.88,6539.8,1353.15,Rural
1285,111,302.69,3492.59,4843.55,1658.59,Urban
1286,126,365.63,9382.7,2819.55,3561.58,Rural
1287,99,374.68,8478.44,3046.1,1660.89,Rural
1288,89,363.11,4362.37,7494.92,1606.64,Rural
1289,113,305.45,7697.21,3578.52,1359.98,Rural
1290,131,352.73,10139.81,7303.59,1509.49,Urban
1291,147,308.78,6679.41,3695.42,3642.4,Urban
1292,126,327.03,5842.76,7365.49,3374.96,Urban
1293,178,300.13,7452.55,5447.89,3432.08,Suburban
1294,151,370.65,8840.37,6074.47,2885.25,Rural
1295,111,379.71,8848.76,6231.7,1314.75,Rural
1296,157,313.43,7520.72,3583.19,3233.19,Rural
1297,122,359.91,8720.4,4021.52,1185.16,Suburban
1298,118,335.92,6265.45,4163.09,1819.45,Rural
1299,107,367.81,5997.1,4202.77,2888.25,Suburban
1300,95,336.59,3370.96,4062.02,1836.1,Rural
1301,112,380.09,10874.68,6186.79,2290.59,Urban
1302,103,398.7,7667.09,2669.24,3167.99,Urban
1303,110,348.33,7368.86,3153.91,1454.75,Suburban
1304,109,307.87,4179.37,2488.44,3029.4,Urban
1305,119,313.45,7013.9,4617.06,4403.73,Suburban
1306,116,389.43,4955.13,7519.53,2957.38,Suburban
1307,141,371.35,10448.16,4659.78,2894.43,Rural
1308,100,387.42,10220.8,3621.04,1794.71,Rural
1309,128,390.38,10554.7,3332.44,2968.31,Suburban
1310,179,347.73,11650.05,6749.45,3455.13,Suburban
1311,120,306.68,5175.79,3528.15,3923.63,Suburban
1312,102,371.99,10210.11,2348.36,3110.9,Rural
1313,120,327.19,4447.46,4275.6,3651.59,Urban
1314,139,332.66,5636.4,7439.18,4611.85,Urban
1315,97,338.5,5161.92,3133.45,2485.89,Rural
1316,153,333.07,8406.68,4110.88,2236.15,Rural
1317,103,309.86,4078.58,4772.12,1513.21,Urban
1318,163,358.12,8559.05,7738.57,4298.16,Suburban
1319,74,375.62,3336.96,2605.9,4525.8,Suburban
1320,103,351.7,8631.84,2214.53,1692.98,Rural
1321,145,327.45,8597.55,5878.32,1174.24,Rural
1322,128,344.46,7358.87,2391.81,3432.51,Rural
1323,102,389.56,6980.81,3916.71,4664.49,Urban
1324,75,392.13,4135.14,3572.99,1585.55,Urban
1325,160,352.13,9657.68,6727.01,2177.01,Suburban
1326,126,376.59,9411.89,2833.65,4310.83,Urban
1327,133,376.67,7494.04,5990.31,4924.11,Rural
1328,123,383.82,5488.3,7445.46,3703.09,Suburban
1329,105,394.07,8929.11,3825.68,2675.52,Suburban
1330,127,342.28,4070.08,6341.07,2529.23,Urban
1331,112,360.47,5789.34,4184.61,2162.7,Suburban
1332,148,322.02,8587.35,4595.7,2777.81,Suburban
1333,99,385.92,4516.5,6373.21,3065.72,Urban
1334,109,392.77,6980.89,3576.79,3536.92,Urban
1335,157,358.34,10035.79,6613.83,4624.35,Suburban
1336,102,365.88,6030.82,5061.36,3811.54,Suburban
1337,142,306.53,9990.37,6099.29,1140.7,Urban
1338,108,324.45,4076.96,4667.84,4569.66,Suburban
1339,116,350.89,3373.36,5771.91,2516.18,Suburban
1340,144,351.49,5861.17,5960.61,2366.63,Urban
1341,141,376.37,10288.53,2224.61,3463.34,Rural
1342,203,326.79,10427.38,6692.21,2073.73,Suburban
1343,93,368.77,3342.75,5285.12,3234.95,Urban
1344,134,355.77,10373.76,4620.54,4991.95,Suburban
1345,108,343.1,7336.02,2468.31,3184.62,Suburban
1346,118,386.09,5038.05,7006.86,1726.63,Urban
1347,130,311.17,6118.22,5181.82,2492.89,Suburban
1348,128,331.63,4285.64,7669.53,3494.32,Suburban
1349,92,374.1,7041.47,3526.16,1508.27,Rural
1350,117,354.66,3735.17,6557.11,4425.28,Rural
1351,191,317.97,10771.61,4747.92,4991.56,Rural
1352,102,368.16,7867.03,7367.53,1018.04,Suburban
1353,97,310.53,3942.3,2713.9,1293.34,Urban
1354,154,328.86,10952.54,6492.49,4583.5,Urban
1355,136,372.41,6557.87,4608.35,4349.52,Urban
1356,166,304.54,4120.83,6986.63,4198.49,Urban
1357,184,310.88,11951.98,7614.05,1535.86,Rural
1358,134,341.76,11335.82,3605.75,2274.77,Suburban
1359,110,359.65,3626.97,7796.07,1091.24,Suburban
1360,180,319.72,10869.72,6062.08,2297.23,Rural
1361,87,350.11,5389.18,2038.47,3239.61,Urban
1362,170,382.47,8619.55,6223.41,3210.92,Rural
1363,129,309.21,7352.64,2294.19,4930.11,Suburban
1364,111,347.04,7712.83,2444.2,4950.87,Rural
1365,109,388.09,8213.17,2466.08,3941.55,Urban
1366,184,343.57,10746.62,7836.06,4312.89,Urban
1367,100,327.67,5672.2,2605.55,1202.99,Rural
1368,115,305.71,5612.95,4477.96,1937.95,Suburban
1369,119,388.49,6555.96,7887.18,2020.46,Urban
1370,113,314.79,5774.03,2164.81,2149.16,Urban
1371,203,331.74,10747.65,7070.45,1906.14,Urban
1372,111,368.06,6845,5861.96,2172.15,Urban
1373,135,328.26,6854.55,4738.15,1504.31,Suburban
1374,137,342.47,6660.68,7099.61,3840.79,Rural
1375,164,348.75,8393.77,7020.99,4391.74,Urban
1376,146,324.14,8155,4818.78,4944.81,Suburban
1377,146,336.02,8797.24,7928.79,4973.58,Rural
1378,139,306.92,10512.28,5277.32,2789.4,Rural
1379,151,336.07,8922.08,6427.8,1292.27,Suburban
1380,129,398.3,7891.76,7147.63,3565.94,Suburban
1381,195,319.01,9199.37,7772.57,4178.15,Suburban
1382,77,387.19,3426.87,4969.42,3417.25,Suburban
1383,120,311.26,7696.06,2753.52,1572.44,Suburban
1384,163,319.41,10224.55,3457.86,4929.52,Suburban
1385,119,373.02,5153.37,2841.33,4452.36,Rural
1386,138,327.02,11737.93,5092.78,1323.45,Urban
1387,178,321.01,7290.9,7143.37,3349.19,Suburban
1388,105,358.25,3056.98,7431.2,2419.31,Rural
1389,156,308.43,4509.01,6882.42,2553.99,Suburban
1390,166,347.19,11323.7,5568.15,3991.16,Suburban
1391,167,330.58,7834.84,6847.26,4044.65,Suburban
1392,119,389.07,9225.37,6317.88,1754.93,Urban
1393,161,321.16,6275.61,6118.59,4945.86,Rural
1394,149,352.1,9800.3,7958.73,1706.27,Rural
1395,157,301.42,7076.11,3912.72,4684.14,Suburban
1396,123,352.68,5568.39,4262.68,4998.26,Rural
1397,136,338.55,4222.78,6973.1,2688.28,Urban
1398,162,300.15,10448.91,3340.35,3323.68,Suburban
1399,134,356.64,6497.03,7806.07,4099.96,Urban
1400,150,344.78,10141.67,7350.11,1804.81,Urban
1401,95,361.59,4241.24,7355.53,1547.82,Suburban
1402,165,305.02,7555.34,2595.67,3619.97,Urban
1403,132,365.27,6082.45,2502.01,3665.87,Suburban
1404,169,332.3,10688.44,7681.29,2275.33,Urban
1405,180,315.85,9307.84,6094.95,4326.44,Rural
1406,121,321.19,9828.74,3683.58,1410.32,Rural
1407,154,337.23,8354.98,5029.55,3707.62,Suburban
1408,142,367.37,7261.85,5031.09,3800.18,Rural
1409,174,315.66,10339.53,5208.22,2101.74,Urban
1410,188,340.38,11283.56,7900.88,4856.19,Rural
1411,171,326.26,9184.92,4565.88,2928.08,Urban
1412,181,334.96,9415.76,3753.38,4923.5,Urban
1413,123,311.32,7901.26,2616.89,2121.78,Urban
1414,129,329.34,6774.25,4490,1573.36,Suburban
1415,205,313.21,10568.43,5778.71,3684.27,Urban
1416,74,345.82,3588.7,2253.56,1058.22,Rural
1417,150,373.56,10949.82,7470.61,2512.77,Suburban
1418,138,305.38,9521.18,2483.53,4769.08,Rural
1419,113,339.26,3727.64,7694.84,2647.34,Suburban
1420,69,384.16,3904.15,2906.29,3862.79,Urban
1421,141,339.79,10324.59,6106.17,2054.01,Rural
1422,103,345.64,4101.4,6317.86,1608.93,Urban
1423,133,395.81,10035.33,3384.62,4428.23,Rural
1424,73,377.59,4818.29,2575.82,1670.01,Urban
1425,140,347.67,10441.94,3679.65,3528.36,Rural
1426,76,398.46,3194.82,5200.94,1479.24,Suburban
1427,101,329.56,4635.54,3622.74,1680.53,Suburban
1428,159,318.13,7378.77,5474.58,3451.24,Rural
1429,175,377.26,11928,6361.17,3396.64,Rural
1430,90,387.07,4653.71,4424.36,3568.05,Urban
1431,108,331.3,3042.66,4440.85,2167.18,Rural
1432,98,391.43,4063.4,6690.93,3350.67,Urban
1433,117,391.51,7524.64,7988.95,3164.45,Urban
1434,124,380.75,5942.33,5866.55,2624.21,Rural
1435,131,335.28,7923.08,4365.43,4875.92,Urban
1436,119,367.56,9406.13,4905.25,2624.69,Suburban
1437,146,326.89,6964.52,5353.19,1595.76,Rural
1438,118,395.77,7833.73,5352.06,3385.37,Suburban
1439,195,312.14,9954.59,4508.51,3348.23,Urban
1440,175,332.3,9520.06,2630.21,3527.99,Suburban
1441,107,362.88,7944.21,3561.53,1309.01,Suburban
1442,142,324.19,5222.61,7708.46,1461.58,Rural
1443,115,392.87,4964.42,6809.97,3924.23,Urban
1444,141,359.28,8774.3,5710.12,4760.29,Suburban
1445,122,336.09,11286.62,3793.39,1298.85,Rural
1446,143,360.84,11437.54,5072.97,1315,Urban
1447,115,360.31,6459.71,5005.67,1177.6,Suburban
1448,88,388.1,4313.08,4221.75,1407.92,Rural
1449,150,363.06,9563.64,4334.11,3845.24,Rural
1450,84,386.59,7380.67,3554.03,1316.55,Rural
1451,69,392.25,5272.88,2014.03,1905.89,Suburban
1452,172,356.88,10450.16,7236.91,4903.11,Suburban
1453,100,374.66,4301.39,6454.73,1097.46,Rural
1454,170,339.2,8350.93,5377.57,3805.12,Urban
1455,146,314.15,5450.8,5376.06,1370.7,Rural
1456,113,394.51,11465.45,2740.61,2974.72,Rural
1457,106,324.29,4307.63,3180.25,4435.73,Urban
1458,162,302.22,11198.49,6829.76,1861.21,Suburban
1459,161,322.78,9327.18,7481.45,3279.15,Rural
1460,166,323.65,5489.59,6692.84,2965.6,Rural
