follower_count,engagement_rate,sales,post_frequency,content_quality,brand_awareness
294.701744923368,0.0732270558341313,2643.45125796936,3,5.44969252213592,45.2139603762798
790.422084089369,0.0406049239735573,3239.31403115556,11,6.87224286721354,72.8623462227403
414.887152593583,0.0997913434918189,3374.55217075381,6,4.75183470981601,52.4692154281
884.187229964882,0.0708118645538824,4498.1461225649,6,5.50271541544838,36.6719994259196
941.062611450907,0.0227635386808806,3897.57351073248,3,8.19849023212988,36.7313553327541
55.1009343960322,0.0953420042632126,4080.64873030308,2,5.36258498636595,62.866185575538
532.824433166534,0.0554398218865433,3357.50249552979,4,6.71349189044332,53.8813587513283
893.494853950106,0.0139102358916555,2627.80373713648,5,5.81547350173527,52.8337901105244
555.920664321166,0.0752063694077046,4128.20614829304,7,7.00982429616145,47.1194362978262
462.048587950412,0.0753133364173076,3882.74335109463,4,5.74727319101203,58.061864373161
957.265011896379,0.0501893640549194,3799.19295693973,4,7.16392195568146,72.2143777279238
458.800814629067,0.0813830101045713,2766.3343794134,9,6.29636658286562,74.7605339598121
680.794929098338,0.0836095568330149,4414.43594255393,5,4.2909398313183,21.2184289290139
576.907067936845,0.0752665966928255,4223.71826755101,10,7.8985496831277,59.0876684293056
111.89543583896,0.0820765113505814,2717.76718333658,7,6.16226597350568,55.7892458854336
900.826720697805,0.0402626789266841,3875.02842910831,10,8.46340758053025,79.2854458965082
253.626857011113,0.0846826012886207,3062.96050241939,2,5.52437826647931,36.1830061662955
51.6389381955378,0.103618392821802,3516.80335539588,4,7.25374084383311,45.6832111997253
334.641512089875,0.0624743173414654,2860.12401365163,9,7.15022695950742,66.0489941608956
954.958612655755,0.0485658919903646,3708.89713315877,6,5.85097452034023,41.8284410856259
890.643922903109,0.0748131490582028,4333.36107606888,10,7.72559860781983,89.0630360601427
695.875372095034,0.0630406295705586,3510.86067811009,10,6.54076157037853,44.4488538528943
644.101745630614,0.0538264993665815,3069.22489636572,6,7.88475923125394,66.5117182302708
994.327078857459,0.0447647426886163,3725.98054586604,4,5.94658401680351,27.7696480167159
659.148741124664,0.0893355338510064,4100.93208310669,6,4.17014290707041,37.9074853634729
711.44516348606,0.0754286210499797,4035.21031833095,3,5.12782991989397,56.482522441046
548.625364464242,0.09730224777842,4809.5074953098,4,4.16762807321296,50.0558261092792
598.200600242708,0.0728719271311,2974.84082763067,7,4.2216446939054,31.1096169885278
296.268139921594,0.0933920949337288,3360.56865324129,6,6.25920865108761,38.5350628924926
155.642510838807,0.081048736211097,3248.02130978997,7,7.04786063669764,59.8203615808959
963.393990211189,0.0639377138680472,5086.55270950476,4,5.03857311133469,33.6630991692108
903.27605466824,0.0447095264228032,3913.74981910029,6,4.87115767387606,50.4134895176669
693.798225638457,0.0368987786241623,3118.69531552246,5,5.39796925277163,37.1504614249062
797.512743510306,0.0626842221381672,3694.93147498578,3,4.04947472764952,20.1461434785487
34.36754766386,0.137198646971436,4019.86211681058,3,6.30300179515007,43.2133212967821
483.018011380918,0.0918673862224153,4297.91270730834,8,7.17450300510831,49.6304086975744
760.874942147639,0.0852613206915433,4135.04714285312,7,4.80470849043379,58.88996212539
224.243856475223,0.0959649216381019,3449.66684913576,1,4.57593113842929,31.531599888335
324.9991975585,0.0715788965557505,3190.0444983042,6,7.24721605508961,57.8576732364476
239.309527499136,0.0839897065228375,3523.05200255985,8,6.43194076467193,71.9656171222843
151.372022158466,0.0869664367558382,3597.76298294604,8,6.60951589246488,77.6257918864936
420.400872456375,0.0696059607815395,3372.50136901336,2,5.817240223978,42.5566989417648
419.58708303282,0.0931039915269533,3663.16866083112,10,7.62683419668077,71.4675329912037
375.156996415462,0.0572948801319187,3593.54316157359,8,7.80624313870859,78.122192513907
160.920300264843,0.109281307629013,3589.73381191274,3,6.37256536861362,46.1182043946016
147.41800281452,0.109912149583792,4282.00498670162,8,5.22243293593515,41.6759060286037
240.703758457676,0.0639923648957413,2730.2934860204,7,6.03757307468482,64.1298690350396
471.302825750318,0.0892246986704948,4034.06110700737,4,6.10229849579678,33.2651470826856
273.312913961709,0.134938887348805,3472.35927777689,2,5.29092012388187,38.0020693279112
859.249438189436,0.0458932184516961,3580.16726474409,7,4.22083471879607,41.0826228157457
55.3728550067172,0.114129442077826,3382.4372815895,4,5.04188527500562,37.9819830113511
447.778073463123,0.0619670594144558,2755.72462650709,3,6.61455115132308,21.5366682151247
800.935597186908,0.0821674485047106,3727.27372225688,7,6.55804716206519,50.9212333882527
130.680267375428,0.0984624810297598,3704.68980662196,11,5.72743956238528,73.300327119186
565.338503920939,0.104771382636416,4683.18402753407,3,5.81592620622954,40.3909244808149
214.466075720266,0.0600972816432484,1981.51178688227,2,5.24129252679215,34.0160307818814
136.256333740894,0.0921612255904481,3327.92657675792,6,6.87185387340112,49.6978745396209
755.774785659742,0.051672757194501,2988.73205523196,7,8.50655860175097,57.7854000717461
896.094905561768,0.0512499573403856,3291.65234484047,3,4.08409986893714,37.8807163830957
380.718148127198,0.06837251773992,3391.59287518597,5,5.4949364780092,53.4024894709223
668.464042681735,0.0498999262552132,2991.91461042121,4,5.6612370596576,60.7932427993541
103.892254314851,0.106379834776586,3832.12119522254,7,4.26379499961623,29.6580621130054
390.129941420164,0.0587418886474533,2974.35945532707,5,5.96878000403984,53.7974333270359
281.639808127657,0.115598628224743,4143.32666864303,3,5.00683096208757,39.5018152108057
816.493638490792,0.0354511863691854,3080.19765542221,4,8.03560276857964,61.0308740286214
454.031177978031,0.079320024129004,2918.85217106435,7,3.48202378611664,31.0929462463204
811.963709518313,0.070061600260614,4482.53554475028,1,6.68822116820748,45.8962200171519
814.265614424367,0.0710214260606342,4167.99549584277,4,6.80802466769112,40.5039854670783
796.39889789978,0.0541451218276834,3556.16635262588,5,6.7350916296203,60.2724909119801
445.433370727114,0.0793183713702123,3511.85183213134,5,6.14681199272481,41.2721617963142
756.93040705286,0.0813787626835506,4804.39023907635,6,5.4891997047958,50.0814713096581
632.928920243867,0.0392242356462782,2701.25923610326,5,7.10563140078162,34.2558302346165
713.080577338114,0.0487111769024527,3025.68047049369,5,5.11425293496441,48.8409332857528
10.6185255921446,0.105877120006725,2828.97192496511,7,7.09476181786188,70.5510380663253
480.563408357557,0.0670761900153823,2510.15498291783,4,6.20263918531464,56.6748246943222
227.917696309742,0.116004195063933,4185.73336265001,1,6.27623819643517,53.9179208052889
386.018372345716,0.0941641586498109,3751.50474105977,7,5.80345356851151,39.4578398579426
616.643293241505,0.0706111703862199,3749.09598131637,7,5.81901237202298,51.402047994381
358.279930150602,0.0519308571417363,2733.50332596209,7,6.70207656381221,56.8133729388769
120.024070104118,0.0945208010013189,2875.38393952256,2,5.70568515551434,49.7303822645234
251.183277992532,0.0811125187364336,2712.90762382562,1,6.57399835400225,43.1921730046257
671.375031573698,0.0643843181509032,4056.3646278118,5,6.48539942838607,50.3942079817788
423.470311881974,0.0551952998647876,2237.75428459962,8,6.74484003934765,76.5054826978625
790.313875689171,0.0704574670921399,4209.92656420385,5,6.84261984391545,65.1224504998633
111.835997814778,0.0736290713031204,2299.94759631312,1,4.65639218423724,17.7175146244684
440.54381408263,0.0734483696670203,3491.2101287784,4,6.8929718962791,48.6187515514465
985.107410184573,0.0583731460797984,3767.33248087004,4,4.77745839613841,31.9657101067137
894.120603254996,0.0396236540569892,3319.04344630776,5,6.33814737137287,81.4065871897074
887.604370180052,0.0672796096045987,5005.48389096558,3,3.89315423638727,30.5224258684733
183.302123770118,0.0645046857784603,2990.8392725762,5,6.24644925820667,62.7126441254249
139.388734649401,0.0368350696883191,943.030350927355,3,4.03203686885797,37.1228968347487
656.570905789267,0.0764708145262537,3905.76431015377,5,5.76851505503467,49.9308773766213
350.081307538785,0.0993067311622807,3460.39077019457,8,4.84254454993354,55.1650922400449
660.190546687227,0.061273564193811,2977.53928336184,5,5.36038017010125,45.3754658738158
327.16951006325,0.0937240495886697,3633.71295711549,6,5.42383309006572,57.4485354109241
195.814208074007,0.0670909590946262,2798.43035605022,2,5.95477465298797,49.3721109997777
784.471358302981,0.0582334599483377,3569.35862928867,6,5.61787786991429,33.2384298924964
102.659036845434,0.0560366806369159,3312.40347009791,7,5.63140489812745,46.6009013647969
472.111251153983,0.100018055271071,2820.23857432111,1,6.42151568781476,38.8740472059678
516.390405301936,0.111378696965766,4679.46444355845,1,6.86917040967207,41.2848087850228
603.98906967137,0.0912807917220713,3889.08233855288,5,7.09348038421025,66.1202507732497
339.495304913726,0.0824782954260389,3656.81322363792,7,4.90875749485855,63.4140578180362
493.726903330535,0.0746470479879549,3253.39591610083,6,7.47665308259526,50.1652559201056
954.929089224897,0.0219321930757332,3051.56975874191,4,4.5714624292603,46.2716668033273
488.073373197112,0.0914040382179089,2949.03767755509,7,6.32804897801819,43.9425656297926
891.446719900705,0.0512129803911293,3702.42883348763,4,6.53445820331274,45.1014872496875
915.293805042747,0.0411004512406411,4891.96953557686,3,5.38611291960998,45.9152200343311
612.647632497829,0.0411271025219424,3542.68841949919,5,5.84960719638219,47.3588080907658
416.582878765184,0.0731756061288154,4134.46395802009,7,6.52538242623055,49.8224100999251
155.623744030017,0.075237590098165,3273.48194918035,7,6.82785802210652,45.5648046931647
935.946805237327,0.0452620493315769,4349.26595108712,2,5.81135067907326,39.9390880284981
308.216610974632,0.0602371696959964,3272.61482311875,2,3.67363874613336,32.8931741883585
70.1133658341132,0.130246121367208,3982.84537489494,9,6.62435176594011,66.7440969543505
948.249670637306,0.0522674659239753,3650.58427275561,2,5.68683852320498,33.6760243823996
723.390310695395,0.085329386010678,3886.90097294261,3,6.19074001163935,52.8212596861058
150.871352641843,0.0404224389627548,1309.77148635114,4,5.48263971583737,33.7748028704711
553.791809505783,0.0632464529248141,3369.60382056785,7,5.69734835956583,47.0256215770303
954.550326170865,0.0387628378596153,4134.03524746239,7,5.03241219840402,53.6658326907059
589.62851958815,0.0460600504332742,3616.41932610482,6,5.47119275108017,42.4308090135491
410.465178929735,0.110408924137995,4076.67519284708,4,5.67847507435708,38.5964142821321
651.414544533473,0.0391236343779366,2811.48796801472,3,4.96479395112681,40.3506431564284
326.622410921846,0.0900366846620682,5099.23723674432,8,7.19470268812058,62.3278590965207
314.642810758669,0.10119658517366,4021.56009061576,8,6.96750123089776,70.1823257418643
227.569954951759,0.0921853060207725,4009.13368275854,4,4.19126156531373,36.6224476240115
375.793977177236,0.0637051915912279,2856.85146584537,5,6.31733184479833,34.5787783939941
984.377011435572,0.0696044655627048,4341.86452059794,5,6.54170465821794,46.1501423029538
162.660277814139,0.0952787477461098,3455.19905940384,7,6.13867301008549,48.3886603669516
100.133559885435,0.0737233638780874,3512.99555330676,8,6.57350423803364,49.5442452971284
150.487838704139,0.0647146271127518,2439.53094693525,5,5.56776169304627,51.0578454873316
693.107030496467,0.10707899716504,4954.60183768526,7,6.10661325721339,79.5507172466647
623.063918557018,0.0552767411637804,2304.25534322953,7,5.39295987463269,58.9064740873643
892.480175977107,0.0182645581227838,2896.62429736908,4,6.2252075996399,47.5776424011367
676.269101684447,0.0768517321708507,3243.56830840425,5,4.77518340766451,48.9125888791194
739.706960546319,0.069219257093902,4420.48042164923,4,5.20953534467288,58.4753591310336
525.924368521664,0.0466270948594648,2902.1640900925,8,5.68636193086151,51.3391378826055
663.240065178834,0.0279788684694193,2690.87045874268,6,5.32908228564333,55.2902161334758
823.58740554424,0.0564945793796159,4461.61632178008,4,5.43144436020643,50.7762129656258
788.418736183085,0.0833669890250342,4802.31368198687,12,6.91474748390724,67.3473891615857
980.023698194418,0.0637212957939221,3785.46271053353,6,5.50003812081797,50.0656506704625
445.037220881786,0.0678893904726712,3461.79549502182,3,5.34656610321738,49.2517405462113
318.585180053487,0.0673869763656381,2370.68760316361,6,4.61510239192082,44.8131255296389
415.380203085951,0.0846523249807133,3285.99939368058,4,5.91103836752132,44.1601018763739
20.3624407132156,0.102128944908662,3891.59259817315,7,7.03184615895685,53.2193309939737
192.011028768029,0.102993683495453,4168.95970311034,4,4.51690130796609,43.4941273001994
844.302025698125,0.0498689397093158,4240.49222331599,4,4.38689937840699,39.3842769149658
238.850164231844,0.10604457285247,3313.13984234792,2,7.63199711011046,48.4426027786182
246.70895609539,0.0710483216485055,1973.66861002311,5,6.23950724081272,52.963420900657
85.9242536802776,0.0890928933135869,2365.85728162021,0,5.0531929269048,27.5352954146242
253.266441251617,0.102152968411937,4025.87051305574,4,5.60149254442298,37.9832666386243
734.813853474334,0.0830587394988256,3985.51855384264,4,6.29264776112074,63.1989001322351
848.978633449879,0.0187809742984385,1992.27268008454,7,6.43724106109323,47.3726446786597
502.551994414534,0.0770162084195963,3455.33441336276,2,4.85408804764327,41.4283208434901
394.029939544853,0.09247408325745,4342.66115480099,3,5.16752393297796,32.1537538785072
253.984504207037,0.0582842885198355,2995.38909907055,4,5.45551529366645,42.971480003378
119.985496690497,0.10361323716298,2901.60646487587,9,6.48033060422758,64.3052758424727
396.09449089272,0.0636317900474281,2291.86645670149,4,5.04830112640303,33.1461377902288
576.215960846748,0.0915942622009512,3571.04355289413,7,7.47410152344092,67.3208943284746
224.723835180048,0.0995334488830504,3457.38048368187,3,5.69382215565949,46.658263064053
450.320322003681,0.0928650297997281,4201.97809045795,5,5.22693317051176,42.9686029461127
225.810762036126,0.0911238484839344,2304.12841635581,5,6.59124873494842,55.4109090987673
507.276567628142,0.091909140301748,4364.3368189283,8,6.95022847867813,61.501590746023
360.365526131354,0.109592014259723,3915.30020075118,4,5.66242041881709,37.9156017563948
653.48530722782,0.106650694947722,4724.87399821299,5,6.40088186704007,38.0337701331229
380.966817045119,0.0803837580527628,2542.98101352806,4,4.89362100471556,43.5294227113984
361.890926980414,0.0369244318443312,2128.94330078636,6,6.00115974743793,41.9585870362658
538.35106600076,0.0737129667918419,3326.84437320559,2,4.40084529567278,35.6520265847167
742.931016790681,0.0669646733294655,4347.10117432519,6,5.0161895655764,30.6001861730447
228.89190844493,0.0854484976348656,3680.84079328488,6,5.86860134981831,42.0526818502162
418.618657428306,0.0904348395441262,3863.4793353633,6,6.36802480124849,56.5612321481785
273.029819980729,0.106562068291249,4479.40709659838,5,5.08699446931649,55.8882002924858
633.673322931863,0.0579566852500504,3168.77475099205,4,5.62494187171554,47.8174948507302
191.990205878392,0.0845185831629582,3580.62067190291,4,3.96955387911376,27.9034195697669
865.007670321502,0.0647064606599317,4006.17453894628,2,4.95326274806527,34.6129397570866
749.102324093692,0.0515404089655327,3195.34177940983,3,6.77066727472609,60.7896976403037
671.601803230587,0.0682452575082353,4169.7987757913,2,4.24858410232027,40.4297630872804
621.837694528513,0.0296739632958683,3527.70482039914,5,4.80706797995331,51.9057432896603
378.515679624397,0.0586762215908277,3369.68099915777,4,5.58013854149291,55.8677022453631
534.53732899623,0.046718024038106,2748.73341104345,3,6.13467073298313,50.4480334371266
875.935519437771,0.0391307500935666,3299.59222366933,6,7.43610916552029,70.2743458039657
585.932598782238,0.0568372795022748,3997.44871101297,3,8.25374072860382,47.5365640856634
841.37008714024,0.0655775984939154,4170.70534736766,4,6.60089323807475,54.0009187484314
319.323683264665,0.10367607588722,4126.95587393428,6,6.87145352655366,52.9624444195037
711.207418995909,0.0498919584684538,3250.90301552874,2,7.42792411706594,53.1570095362447
272.367628025822,0.0664448389511488,3504.14950330695,3,5.29907569613054,55.7493581899078
598.399762099143,0.0492462347152527,2777.34664602224,10,6.78665059448933,68.971187792675
486.476902484428,0.0673843803485051,3633.31717237227,10,7.25327014961245,59.9699838101408
272.382404147647,0.0816002984295664,2768.18329410257,6,4.77991195515947,42.3980186466249
568.944530428853,0.0812251241553228,2531.10403567128,1,3.36456334457201,19.3094304547786
914.05634079827,0.0478706861167187,3114.04764859108,10,8.80678937403827,73.1358043577014
902.855645604432,0.013287432342578,3139.6075376655,6,5.62500425748962,45.1290523066609
281.42495528562,0.0841000667247162,3686.31261987848,8,6.14211914320695,64.6263226656684
328.267928843852,0.107330339770839,2927.49161155707,3,4.60704423401056,34.1079451271161
985.784475533292,0.0745428015935419,3836.71274847766,4,5.94407259666599,54.8235100934495
623.793377086986,0.0530310667834261,4190.48108813024,5,6.59114052243569,60.1630039508524
937.940948263276,0.0221474217140848,3101.88065589662,4,5.57138876212659,41.5036416499864
471.867375301663,0.125567841072222,4707.94163801307,6,6.21470469354737,67.3384408987001
412.76426732773,0.0761133477840251,3084.3278296473,2,6.35139291492874,46.0262076279227
662.638020964805,0.0649190739496474,3474.36607834681,8,6.58923192298621,52.4179753944706
160.823150675278,0.100370326240199,3372.67492945716,7,5.838656527823,53.9372761510335
577.13838763535,0.0388622914858501,2937.00352638721,8,6.53938991855349,48.7873244080477
246.338766575791,0.0731186794473847,2858.77101657824,9,5.957673653952,64.2983010654551
962.735347070266,0.0210543845406865,3111.66014238239,4,5.90188808363953,38.5577605370975
605.352068715729,0.0558705042840017,1804.18377821213,3,4.70207421585165,52.4403004293529
519.87942997599,0.0763830171612917,4501.74695334467,3,6.99392544527667,30.2275613694214
408.547608780209,0.0522784304012513,3757.87592970696,2,2.91347609561904,17.442779255159
881.444075817708,0.0677274497964609,3566.89627670502,5,6.40129413581068,48.6230117544534
370.450946139172,0.0872643332693881,3402.13479661112,7,5.91197277703909,46.5528886854883
295.356887886301,0.0671478550932722,3621.30852999429,8,8.5871488081498,82.4051957539946
178.938782755286,0.095579559709857,3768.61377123381,2,5.16553656931269,39.2234231273034
180.450028916821,0.105939121804036,4117.98330328725,6,6.68183736039939,58.9572309582449
487.22217946779,0.0968607960918453,3375.78682169259,10,7.38689396920434,74.0081654193333
260.435279228259,0.0827212704656565,4463.93001586863,4,6.04767240933678,49.7671415602545
224.092241718899,0.0869226520358341,2619.90754426932,6,6.71811983535065,65.200699553111
677.632624199614,0.0643840860903808,4019.90514114849,5,7.99741373388409,64.3842309381418
57.1869911509566,0.125969885563553,3704.40968379582,2,6.32750882368067,52.6196821602966
703.844556598924,0.0873092100156137,3952.01815452911,5,6.19642414887758,36.1220461008392
358.369752070867,0.0987695437515975,3502.42248008317,6,7.99026621898744,50.6881137542283
414.854557949584,0.0735104561057069,2804.21983174781,7,6.98319774918996,36.6519138860838
822.741810716689,0.0663277381474937,4783.36828226166,5,6.65033359910166,50.7189393580691
919.66877466999,0.0620823678909144,4125.74152103964,8,7.8450301486185,79.5427157050735
289.703046805225,0.0646813817739523,3002.64270369669,1,5.36110662601997,29.0215048079396
961.49374576984,0.0173592224050932,3374.98835617206,5,6.72549069145764,56.7780856797714
731.110483985394,0.0762810763537626,3800.25711851561,5,5.72551978186773,53.0371605512084
689.511331184767,0.0349382228171532,2510.77649633507,7,6.52483606539615,59.0094443198855
62.3155033448711,0.0969178986024407,3189.85213358054,4,5.83964262732746,44.3559869922148
401.267933293711,0.0849415597622811,2454.54733685358,5,5.36026696246771,40.6198943861031
483.066926051397,0.0871240015035478,2999.33041075594,3,7.63465321892986,47.8055864886035
564.65073104715,0.0755559881979387,3102.22287858388,7,5.84110240061116,53.3800444746524
701.278978916816,0.0502789749282167,2868.79802506179,5,5.64422058932798,61.2174870575181
916.526703035925,0.073900982046113,4364.66745527765,4,7.12441739035745,45.687012100348
622.167715097312,0.103664289583259,5116.86499602218,7,6.37937777077102,54.6715449827246
434.137293666136,0.0959167114952021,3028.94674520383,5,7.16812642718924,56.833313701954
546.659563544672,0.0337940037962869,2986.03721331339,9,6.19264287908519,66.8773492964937
67.8937037009746,0.12459683852301,4077.49655452267,3,5.58715834069456,41.6225105332293
268.248288487084,0.0854664666519204,2751.05980886814,0,4.74906312157358,40.1224886821211
403.180433774833,0.0903392638976442,3586.74644474131,4,4.83088635959334,27.1871037172191
205.767289313953,0.102152300251724,3866.38603497341,7,6.09668804663299,61.667436787596
833.60828720266,0.0563858641757329,3667.17930664628,5,5.34473286033482,47.687374379376
161.358350594528,0.0904268185172991,3020.91089790943,3,6.45744732494705,37.3307838814501
805.384356605355,0.0801139235563503,4366.91057994302,2,5.10901641697637,16.2414957216642
551.357894989196,0.0866641437002651,3805.99203731706,8,6.5172187955557,54.9327276284655
665.694465590641,0.0865205216413526,3783.97291903872,3,4.7721553071952,46.5493838572372
179.981508944184,0.138659458457397,4063.84467730587,6,6.41519900561093,57.2665479872378
636.724806225393,0.0814520769626121,4843.91104789626,5,4.38806364309637,38.2986543176278
318.751049304847,0.0882100706824638,3838.53785206198,8,3.65012821571677,44.7512946418598
727.308802944608,0.0194218976412572,2385.75702230055,5,7.88010634326583,60.9604377353295
404.950426416472,0.133586758744099,3859.17721654926,2,6.1572616974227,37.2622032251643
969.66284702532,0.0418633212128078,3596.60099796549,5,6.63472863406044,53.7191939596159
967.724386909977,0.0991084749564091,5582.00562342213,6,3.96349173419701,42.9401441406666
729.43551362725,0.0710210956787373,4025.63250003772,5,6.67712911702719,46.1573309806536
264.644578988664,0.117536375028503,3529.26404012705,6,6.71981427057805,57.5810269910356
229.570055310614,0.0863272908109445,3626.80321074913,5,5.92234495860005,52.7173279313772
597.11519516306,0.0803736553358095,3735.01830268086,7,7.22503876265375,65.3884298303262
274.846217813902,0.0905368487021502,2800.0901600251,4,6.9205690307062,59.7133103737277
535.759694876615,0.0694896012686994,3691.90764223311,4,5.67783640081305,50.492288136659
787.438754574396,0.0582201857788304,4501.3526298148,7,8.34533707765883,68.7406746602142
176.380202432629,0.111437676595254,3798.74808583674,8,7.58836269949981,62.9875125328764
410.355189207476,0.0754530776001962,3425.77211598834,5,7.22438538128579,60.609529958686
476.860514855944,0.0354033243683868,2333.6659528711,4,5.48488238516736,32.7319615047245
869.425738814753,0.0526109280826658,4075.26930471759,5,5.8688771443385,55.8870876521072
926.450876286253,0.0644732682964128,3607.08185105557,4,4.8774145775461,37.0379791414261
883.157783707138,0.0681712251416719,3303.16555800727,3,6.00736908548036,69.4121336542286
677.444974090904,0.0784591076450035,3902.395716835,5,6.26401143438051,45.3566765826537
950.665309545584,0.0186247041053392,3256.52794829843,1,5.29128355394167,9.58011947921953
521.280445309822,0.0813108188947328,4851.3050345157,3,4.91931257113425,54.3174158643853
580.753831085749,0.0903194926446538,3359.72386111863,3,5.36803050486902,36.8536287075566
342.967893849127,0.108383178936897,3939.05252811071,4,7.78511178276459,62.855068092419
353.851385095622,0.0778082053243366,3666.39342348907,4,4.87084064289477,44.6116239125068
29.8240575473756,0.0920709453989752,3426.3634451322,7,5.9939097673738,64.9326694582505
507.784915177617,0.10436751087868,4097.55780559917,4,4.39656744618754,30.9501769917044
872.33297950821,0.0230247901090031,2833.53369048186,9,5.55927093242407,43.9057387496411
16.2377761094831,0.0904515116562633,2808.61375940924,5,5.71323479856481,59.2158639946129
81.3365527545102,0.105082413949424,4234.19938046607,8,6.20871269821292,47.4578888160052
172.569112747442,0.0590160690550034,2766.82911068287,4,5.18309843576743,28.5785510001057
772.630733530968,0.0669610205720867,2862.24334222463,4,5.02615569046712,50.9104734024342
737.832462755032,0.100665657283292,5200.70763550103,3,5.40337307678103,42.3642826280015
972.156879317481,0.0513109429653991,4240.78394840049,6,7.33402054312044,81.4521449594913
471.807653068099,0.0708405368473233,3343.6401571639,3,5.24219881447332,45.6470902987134
83.6406681779772,0.105316200871782,3264.67354323655,5,4.7167961363769,40.0530532782715
652.329943075311,0.0618020594304884,3465.80621486369,3,4.53094819549931,32.3828954785481
761.007237811573,0.0782176455910027,4214.64712792082,2,3.39565235092887,47.824348487681
145.735020195134,0.110801958279237,3255.5757394565,4,4.08948367778193,26.2981395465948
402.618748676032,0.0799228957908008,3542.20103899808,5,5.25257981723703,52.4325195392943
232.735475909431,0.0648293830495339,2296.38060039917,6,5.22358453876562,53.7347228462915
67.3789749247953,0.0702666367045785,2640.16412157854,3,4.45097388939888,32.5268101305986
401.933761422988,0.0680433646157443,3718.15352549408,4,7.78924365380742,72.3033970672805
74.2790169804357,0.112233659161975,3647.83427402727,3,7.3511310826985,45.2791007688081
233.627568590455,0.0491545180773388,2967.22033695324,3,8.16440930061295,56.6273279245044
64.0828180103563,0.0590693559248313,1764.11837361603,7,7.17649590154134,63.7587635468713
673.57921916293,0.0532454425466515,3439.46368149519,5,5.83875145516074,72.4250170104573
304.7643647925,0.0926496787199867,3771.14745534576,3,4.55673930554938,44.9352189108945
109.714366481639,0.0762429607126182,2210.285513349,7,5.29923373786379,67.8116489806398
81.1850562458858,0.113675727929627,4218.79183961354,5,5.50312605252922,40.2300040306244
881.636163096409,0.0625855912482832,3497.58014566585,3,6.88052092659645,32.948201565147
756.704928053077,0.0587519612325739,3770.70843501055,3,6.26647056233911,56.2259206635216
818.439828732517,0.0754545712940098,4221.88724852277,10,7.88950019727232,53.1628109895004
982.318969934713,0.0586513547596517,4198.50018604589,5,5.81287857226339,35.6422892223713
112.563648514915,0.0854531170300111,2828.97734580832,5,4.44636365707409,48.3395203077537
108.051411057822,0.0992197281354721,3425.46577839819,6,6.52640267177958,54.0742470922115
800.843295061495,0.0729081024064771,3544.2663923038,7,6.1853880279355,63.3971329562741
786.72951386543,0.0677891912039695,3284.56075769864,6,5.89604169285067,65.8119558769309
19.3356060469523,0.0858730155386628,2428.84720381054,8,8.78417322839228,79.0483149685674
781.275223959237,0.078040282903322,4094.69405406102,3,6.46969128321855,52.1717562271618
732.096745399758,0.0864538872411844,4821.64514580173,4,5.57159379631268,51.3781551178498
633.830534284935,0.07383396441662,4538.06742683454,8,4.69655358047668,50.9310344207646
486.101721667219,0.0785770071658828,3703.48431792447,4,5.51335852927624,62.6507155036339
165.070482860319,0.0902339742413873,3325.61626189496,9,7.79038892010019,67.4758384250219
18.1333646341227,0.14232164869435,3760.87726133552,4,6.17282099271425,56.9355432829277
457.93381028343,0.0826296201285444,3592.48656516426,6,6.47210736801552,44.9593740381525
497.370395457838,0.0719655996531092,2731.77985342696,5,7.04509363912809,55.6178905641131
395.691240422893,0.0300570819349102,2537.49098399187,5,5.83099001278518,29.178676782085
470.019282475114,0.0451934005756337,2576.12978531603,5,5.65419797478324,49.6582858907467
716.146210709121,0.0626392254523327,3852.41631701517,5,5.74603386633103,33.847401670258
64.7489070682786,0.100888435543448,2974.27585542827,4,6.5345129274607,49.3438207930204
361.235266539734,0.0874756858502456,3141.17638266616,5,5.73065186903568,46.2520906023419
804.784150186461,0.0761909280996493,4023.83117396488,3,6.36030114243906,57.5216984881128
837.351748654619,0.0542493643808599,3576.23832960958,6,4.9718163806414,40.4367673943596
245.371910922695,0.112023180343517,4278.49653263691,6,4.92893497861798,40.0028904616149
360.446241595782,0.0635473670628193,3096.44386566652,5,6.12738360830644,30.9067809332824
858.31656595692,0.0329153172932927,3591.1851908563,4,6.56038315798803,57.005732797443
855.22574006347,0.0326589894457502,2743.20447614156,6,5.7923470839778,61.8484516023955
302.936500851065,0.0996991154411771,4348.26616533968,7,5.82257865508196,50.8521208859334
155.577841333579,0.0905627090865365,3202.09508497827,4,2.96062383309111,47.605498560589
706.952140703797,0.0804487514012201,3594.73860773037,5,6.37432087422096,47.7740438166889
112.768621335272,0.0890074405020947,3160.20937543585,8,5.69714502125718,44.4625046864461
43.3904952695593,0.0859926331922658,3241.85066930687,4,6.20257490618307,51.3043285236528
999.41048266599,0.0426624243641704,3160.23088346461,5,7.4272117229534,63.9989040097119
44.5260560442694,0.060721360712952,3148.53281136286,5,5.50408095407267,32.585201043941
345.007370922249,0.0593573262456053,2798.14591416742,1,5.89672538155388,25.1272928909425
915.913124023937,0.0253636508716342,3899.68465580488,4,5.64745422670237,46.7014699425173
621.062916934025,0.0900332995928057,4078.92248526862,5,6.36860463571166,56.6473760498511
293.4224952152,0.073382273411984,2888.27903638672,5,4.84420061472044,20.7761393300394
740.419428979512,0.078768225606828,3138.74334678215,6,6.61782359492811,38.0272429792157
835.713766084518,0.0885441237296133,3892.22389746771,6,7.50496154444897,62.6025071183951
321.128072617576,0.0801081001869224,3223.74799901488,8,8.39671185562111,76.8709038502727
497.640882343985,0.0807955340098478,4025.1187174435,6,5.01261934514292,43.2537408314098
700.400028557051,0.0299586481842259,2059.13369372133,5,6.53368500835722,64.6726487476479
645.047730449587,0.0513742179271246,4005.30037560379,4,5.29197582923425,38.322014969889
647.483685833868,0.0687501126959634,4369.46485773849,1,5.72272062810373,38.946645014438
978.074870775454,0.0570779945279504,3526.05150415444,3,5.42153613754357,56.6051080991759
420.587981115095,0.0637826385982676,3352.9790152921,5,5.75196673439849,47.944260046231
128.21073218016,0.147286643375528,3685.33472519377,5,6.68209949673972,53.6692285045497
530.769363532309,0.0642937290415368,3284.81331855121,2,6.14620152673584,35.732300563033
232.822617318016,0.0896437402667,3722.85140939337,3,5.87907703778607,46.0654912328318
491.547646413092,0.0884184550224158,4185.63421712388,3,6.06404938204628,39.8775910632394
376.512650502846,0.0806539947793778,2941.51789477651,4,6.17846041253329,30.8979068932436
983.516678980086,0.0379528183104534,3532.77149693146,3,5.87837400155299,35.6869512873729
394.435924002901,0.101184317079121,3324.47640408964,4,5.89123016010695,45.0696598946429
236.952391928062,0.120463286867741,4052.9423511634,3,6.51561022576483,50.2143685885956
627.064570828807,0.068052892037563,2835.64940019199,2,6.10989929225534,55.2298554247209
145.174795098137,0.103986607153154,2055.41901248368,8,7.39393283857202,63.3550064610805
967.794799380936,0.0496620100609006,4663.73594091631,3,6.7069684984941,48.2607752491787
519.921089815907,0.0943330498632479,5063.23963339414,3,6.14933733301455,57.8080205620035
171.43962593982,0.068304670817812,2481.45589811646,4,5.64700167130533,70.3855722871125
625.683272203896,0.115133040869695,4934.57860534913,4,4.71052957675474,40.6982703874616
986.09462357359,0.0386246438655537,3740.93073260339,7,5.91196754619841,65.3396936363679
672.083802288398,0.0372188215968182,3825.70093637116,5,5.13004508269921,50.5120540622947
424.726737940218,0.0717453065591277,3561.43157334768,3,5.30149141302475,41.7469972813873
330.111543240491,0.0864285925208755,3490.62691945657,7,5.87470542735961,34.1646766372883
836.902766751591,0.090627285816025,3586.78302394075,8,6.40331418412305,48.341043465585
152.378873194102,0.110605249875721,4058.34058430151,3,4.57610008172575,33.3130610856185
200.887787411921,0.0928047792703197,3082.44435270681,6,5.57769788342605,38.7864175796956
897.771295814309,0.0273217647295213,2640.23284386153,3,5.95558715707793,34.1654363893254
315.038358762395,0.066927327168438,2867.72492843688,7,6.61360595350262,52.9387749180125
369.667538076174,0.0782509244516055,3240.9644852883,4,5.39593031842786,54.4985459369433
786.107013951987,0.111755171571613,5336.9208956693,7,7.41282233205102,51.8623063952399
201.444893120788,0.0527232038595923,1873.65584730142,2,3.75887055866693,33.9761039729445
27.5881537585519,0.121241685348993,3201.18820083774,7,6.88275860856042,56.3838650892045
412.541787624359,0.0688282254741036,3945.70804892237,7,7.96983056712062,71.780150827153
488.335992577486,0.108903018370874,4834.06523695747,7,5.99215224175138,54.3451296235169
427.626500676852,0.0558346621666893,3553.55351663867,1,5.58758491804085,38.256294672024
349.380713663995,0.0854034290100552,4237.59198020304,1,4.64171199667572,29.3666658935227
867.818481514696,0.0346180570902102,3530.01359474854,4,5.77798496375991,55.8089114839779
460.556970445905,0.0950424800049383,3531.02169755569,4,6.6156034621224,62.4713480710967
538.427224894986,0.102754228530012,4409.54105132193,2,4.48598551860644,36.6243524277132
964.204898586031,0.0908041751987215,5273.85486405946,6,5.64517920225086,82.9437235206689
776.845626661088,0.077109731818736,5302.70252543242,1,5.73222334738485,40.6311846151896
216.787585080601,0.126025945837526,2971.60292055614,7,6.81570968972446,87.3167879499403
315.698964400217,0.109143529953222,3950.88637939828,5,6.80685918181231,52.6955006884087
971.629025738221,0.0487810504766087,4246.27635244344,7,7.65274819689651,46.5566703628147
589.051092562731,0.0800881901375574,3752.56666019642,9,7.56985274178152,51.6015979071998
763.215389118996,0.0423993463145316,2595.50658028607,5,4.92236739278681,35.897137533056
378.982300488278,0.0773468415875662,3675.651878771,9,6.95378136654396,77.5529866571457
771.501972114202,0.0858441755612664,3870.34458482177,4,5.40091257975104,62.037795920017
542.300411218312,0.0837106623087314,4011.74481802651,4,5.79414250188721,50.9467984390495
914.85549516743,0.0634043718741351,4551.57428082649,10,7.91736235538914,72.6717647026268
193.443477475084,0.0695652053325017,3420.1695668375,3,5.87615544386934,40.0112242929663
289.396233211737,0.0734399237327308,2268.65904238531,7,6.55518836020889,50.0091858373654
104.012789058033,0.079507240272027,3339.04130764616,4,5.67988525460222,39.2203952514147
218.382208317053,0.0969868069844174,2998.00987784944,6,6.59701850485698,46.2795925752753
977.328006322496,0.031323447074544,2936.61521721139,6,5.02137481144186,41.707649558726
303.339153628331,0.0960738701205645,4185.31604262767,4,5.37845197599288,38.665362200378
728.723196634091,0.0412355119296246,3855.28661849316,0,6.61657603604283,48.3682546758399
787.830955914687,0.0971790613669729,4397.95150531633,4,6.41612284329771,57.7888009334289
114.363568658009,0.103493648556662,3678.37046156842,5,5.0382059732352,61.2228374105265
247.198682744056,0.0736199936177318,2536.63436713122,5,4.77144334065073,19.3710031669614
277.839423662517,0.0909289474668986,3298.74200713699,4,4.84066974641071,47.1545455510461
110.047909126151,0.0874485405591333,2922.20501255453,5,6.5801568565633,49.7160994999238
126.734702857211,0.101086224052333,3134.82385950907,3,6.03315896458261,43.5018887974101
991.324190297164,0.0553044448603478,4455.78664604991,4,5.23141769685888,27.740047384912
986.193754330743,0.0304080288302334,4349.21185301413,1,4.83131565910107,35.8277977474465
145.69679668406,0.0768888825894076,2601.28571376682,5,6.97822806952561,47.1310692927211
906.256485846825,0.06067904940245,4009.76473356479,4,5.49292639003398,49.0222262326492
580.5388191971,0.103754097215176,5054.53825728047,10,6.94159072015483,53.5798617588456
401.49437049171,0.101617621648833,3670.82018869681,2,5.75253374715868,77.2225885177913
455.304459289182,0.064743427563179,1903.45838453839,6,6.01767236949111,44.2673731773756
709.436882138252,0.0810466139260373,4296.79793602122,5,5.2649735955972,43.5028348646656
91.677718332503,0.0944447470282491,2629.01637167436,0,4.58705872484359,20.6476317111024
345.919454379473,0.0887303003153945,2967.17571206487,3,4.51899956480132,35.3432678583686
683.979675704613,0.0710082460295005,4498.53267879166,6,6.66931261600767,76.6891091341213
323.779755600262,0.135320007494455,5577.95866459723,5,7.33204012251754,52.7912797832743
833.252912068274,0.0346315781848418,2839.24611713161,8,6.8442626358691,66.323351757536
223.020361824893,0.0908673790890125,3778.90089626341,6,7.01272922619384,47.6658483796101
502.969446824864,0.0392519818994045,2743.904612453,5,5.34886497506567,62.1279607554882
283.289175899699,0.0976322596641902,3590.12727469343,4,5.65969122373643,50.9819721003431
200.103085539304,0.111927015157463,4249.86482495607,4,5.66388784340639,39.1531089400434
951.115051414818,0.0813574922512822,4636.21720707581,3,4.16935937490079,39.1511863231241
328.508282389958,0.0450716808437597,2132.76750472473,4,5.88889294253109,43.5758277995178
483.671819965821,0.0840717989455896,3413.575181472,4,6.27923725896901,54.4832709599234
37.7126462175511,0.129981766716796,4018.12825442045,9,7.4834064555388,57.3230663042474
551.984873332549,0.0641204390725265,2218.40486218568,3,6.9156540407747,55.2104288007072
647.797818337567,0.0633670984414827,4110.55979642902,6,4.7273505632225,61.4685364261528
600.300909187645,0.0692542100965229,2802.11097088963,2,6.01765145902061,56.7158735747871
328.718001944944,0.0908644749314135,3485.69103392735,4,6.5170740728326,53.6352954920132
892.203169332352,0.0686930390483018,4063.08763083476,3,5.38997419197522,46.2866373080183
629.99437793158,0.0948566987776506,4803.65747442835,8,7.20245933274862,66.2273267531299
309.87586614443,0.0825964548838787,3366.10548749475,4,4.3854675252583,48.911135182718
394.322617121507,0.0842094300533741,3523.8034027631,4,6.01439467394077,51.9312448383201
168.870341549627,0.141316440466948,4513.13739686751,4,2.67091180860829,37.4154602161245
863.926378556062,0.0654256596344967,3622.85867170684,3,5.91205830314547,51.9384067909552
953.570201650728,0.0560965521040603,3931.12201734947,6,7.80156345500434,63.2857557121343
568.008236619644,0.0447547256633488,3619.90319341015,7,7.94198702770824,70.9144293793481
336.251939258073,0.0832445239895409,3679.13116879689,8,3.9403306202641,46.2800466685668
996.651046525221,0.0457409246104013,3270.37223188221,5,6.53502684268414,62.787998076023
242.471479037777,0.0876555094519237,3557.03133081947,6,5.85027900565302,46.9688813009377
616.545245614834,0.057664384893835,2697.58337680451,6,6.17499194190354,54.8126691318899
117.096744128503,0.0804088497447209,2543.21508129159,8,4.3838665442865,48.2439738399944
492.16224424541,0.0609764151513271,3809.31298344586,11,7.58504050117514,59.1836569644384
108.451365113724,0.0902873414363183,1897.12697123089,3,5.07327931225712,53.3546564586659
169.554105065763,0.118884947707284,2827.3000688368,4,6.17388948889887,37.2451153104874
290.162942071911,0.106473585427591,4360.48392910886,8,6.40878179964338,71.0952012098407
588.033612603322,0.0633988170109728,3036.64717339977,4,4.77456244462772,31.1881474659634
734.390582263004,0.029562141796075,3681.87750973696,6,6.53319633610716,44.8451470247044
173.865701993927,0.0744150463295846,2751.90723020149,7,6.99506907131114,67.5842302673028
867.803085572086,0.0474546350565855,3898.58671145735,2,5.45431928743073,40.4541471654744
711.488395812921,0.06649834029392,4159.58304231886,7,6.96710158743808,40.3835995441544
762.795540867373,0.048608077442615,3172.14669590703,6,5.73598937126402,65.7141506776577
155.613267468289,0.132352950443223,3805.99008222774,1,6.48480081505999,19.5387297672615
364.47639378719,0.0763308296222735,3048.02079519703,2,5.04202771819434,32.2848783777685
676.599156598095,0.0418911527653051,4599.06350651348,4,5.22034811015405,28.898347118007
528.584375635255,0.070745546072587,3535.15320727104,7,7.44159278248064,55.5282888912636
356.303774835542,0.0620772596263546,3190.55295375372,4,6.91488218107788,53.4612221967003
248.125394571107,0.0907168444169512,3140.21090701076,4,6.48065563710108,47.0678704306031
67.6098783360794,0.101292178364993,3040.16800264472,8,6.8205066599261,54.3139918005274
244.253544700332,0.0948990749975511,4075.86592378034,4,7.3948859846481,53.3364713659482
891.177134048194,0.023003978115106,3072.99199562981,5,4.9893591060865,47.6384496380126
813.70914190542,0.063728768724142,3912.06180967406,3,6.7377699929415,41.1312541438375
750.041158960667,0.0687069436627996,4062.70227324786,3,7.31439383448494,31.8234069059172
163.362608524039,0.0634097006237083,2379.05735700331,3,5.65460957413673,35.0145892278041
133.494667720515,0.112432579408582,4495.1730017012,5,6.5857220039454,33.8850321069852
974.978550397791,0.0669344900619972,3574.41709592494,9,7.40970219364264,71.4018983068741
441.768696126528,0.123903952416763,5367.26293051112,4,6.99358200831037,71.6694939208451
469.376460553613,0.0796652367198339,3356.26171106431,7,5.54118957337923,40.2513284820833
173.645100423601,0.09225241552918,3870.89833485555,2,6.29570619334897,36.6241765250398
589.087191764265,0.0724773570934355,2628.13281989351,6,4.49105293383107,35.6999256622837
278.070239252411,0.0874918126553855,3784.01704232676,4,7.87690354539009,65.2684222903663
237.795951189473,0.051140746933773,2936.62247354284,5,5.42866024070456,47.4567480432647
694.295753177721,0.0318626711682691,2390.23644394078,2,5.0838090345133,44.3085233320059
290.023875632323,0.0839480268825598,2874.84634967103,7,6.65888517664979,65.0091246701609
812.294085521717,0.0477639481125842,3676.62955603023,8,5.34968793979633,55.226785785673
102.977441018447,0.0959458584502261,3696.78976543992,6,5.93710515676401,56.163842165203
823.809770457447,0.016585344011917,2596.3267691389,2,5.46148744046557,29.6817845501132
433.153997894842,0.0483683350147227,2721.61169655749,9,6.46003251182191,59.6822797380712
758.328387131915,0.0400539118646294,4103.40847904509,3,7.62629406134448,47.9704356610532
665.761651489884,0.0864330818467108,3496.51131948824,7,4.61323934904356,34.0179037089415
450.082122962922,0.0555260937100516,3484.5831104853,6,6.09461158435809,40.7832144915262
630.874722599983,0.0524659847984702,3535.45323578682,4,6.97884728859329,62.2703319201387
10.4606955708005,0.101074441594941,2489.50295876226,6,5.36383519553646,35.8137061073233
225.071078883484,0.0822915188193236,2762.03861306655,4,5.66104887819401,42.2619641233531
707.823523210827,0.0675371674128179,4158.02914982911,5,7.94328489677314,69.5420749761185
223.014823314734,0.134950498475177,4269.51933248907,4,3.93265440234961,40.955866943262
815.794384065084,0.0367182073715811,4078.50205429553,6,5.39640213484192,55.5054830087535
314.686235554982,0.0781562954240548,2891.60639854527,4,4.60159143742195,44.3217507682578
690.865258809645,0.0551215480646431,2626.91763072241,8,7.22952138428992,60.6588535497192
933.354268232361,0.0835801951250311,5062.22590220447,4,4.93387147703942,20.6721816056016
124.621868184768,0.0783792081329561,2512.51708981159,5,6.46780560296681,46.2506428658688
136.428631010931,0.0915368303739391,3163.76413291192,8,5.95419361779343,41.9878883882925
681.441618849058,0.0816705913440013,4855.81597150404,6,6.04747444034152,48.4565293430252
434.65910992818,0.057095233784623,2886.01586939322,1,6.05621487937664,62.8221451280527
836.056968159974,0.0913006679068415,5272.90495815527,6,6.33700375362853,55.0672728007815
971.723686133046,0.0649290640028327,3693.45882735652,3,3.65929454603365,27.1050099526347
79.7840879345313,0.0745266634126664,3112.85706218051,9,6.26411253253878,68.2074870692487
465.187341272831,0.0858321891175132,3770.41807083143,5,6.71359509767663,58.4817047731301
704.56926724175,0.0605053937732511,3250.8606402728,6,8.06014831963883,61.4972409071364
96.0707662580535,0.101461037126984,2581.35780561096,2,4.28517385502495,33.1495567698776
993.014575960115,0.048549767261681,3995.3463289511,3,5.37137896391047,41.4020389872475
260.568004087545,0.10838192053119,3816.35680002592,9,6.71841012014512,60.8778503449726
59.0430512907915,0.0700258397213938,2657.3263055268,5,5.26743351263783,52.5324700096782
689.461697346997,0.0550745811887319,3748.8430295844,4,4.41736717694424,41.36340264719
789.05807913281,0.0555632824882515,3459.1390250423,5,7.83879660034406,52.9202165447405
360.070015219972,0.0620805247419748,2705.94866418465,3,7.07833445941722,59.7353872364651
372.777030509897,0.0605620475991813,3075.26395256723,5,4.59321328339219,35.9820269338447
294.229129385203,0.0849289387192066,3016.24244734369,3,3.71602786787215,47.6725441612479
89.1731832013466,0.092897838182798,3645.91695358019,3,5.32263377239272,32.81139259308
371.799726877362,0.0304231581611233,2439.13055453026,7,6.83042780519125,65.6319900534117
186.233676467091,0.111499785291033,3294.8289007066,6,6.07121333194529,64.9340328665345
540.693183422554,0.0779598555485761,2737.13699577397,10,8.1292645954138,82.868156500847
508.909224902745,0.122878686217829,4153.55162121406,3,5.35347150698885,41.6457491079391
945.584752440918,0.066424727138976,5242.67347372777,5,4.83445218420934,51.0942623503889
347.908071111888,0.0736654102651658,2888.74313696156,5,7.51988229295041,36.2229964662008
470.066636414267,0.132444491118449,4171.02344227108,5,5.76597325618736,53.2722261213392
91.7058698134497,0.152059226987638,4551.07003076858,5,5.71602641296107,47.4872633212264
861.50577762397,0.0325504747929979,3594.66761352937,3,5.336841715879,48.6824551372195
401.704033573624,0.0892954374404273,3965.13134425143,6,6.25600430375822,54.3676122556749
738.540356869344,0.0588480437838898,3515.05404683882,8,4.28133811033321,60.3546595378338
180.025971923023,0.0947397243349291,3816.17353867447,4,6.48329713201778,48.7099781035083
460.21401500795,0.0815401538209788,2964.92667633647,7,7.12123189871161,66.9435546805188
772.502711841371,0.0361368551505504,3243.30414270692,8,7.22924519081087,61.0866651378622
72.0234983647242,0.102110616686615,2834.18916185277,1,4.78887437982346,42.5019976186294
816.93068014225,0.0941384132557234,4857.00894440756,5,6.09930842688087,38.1838812007114
308.131099217571,0.0813116449564254,3307.49847826472,3,4.1650873283555,42.8911317821692
371.024317706469,0.0781902499007075,3860.70767431216,5,6.35978035427046,47.9029972090334
318.9916640101,0.112021856926244,4907.67090103576,4,4.98294464294521,46.8628734160365
46.9962652283721,0.11561811155224,3476.68252736404,7,7.71689292485862,53.8312791365176
523.616874164436,0.0408492599241525,2596.91062071273,3,4.6741764320092,44.7872912813044
682.223281548359,0.0704599753878258,3361.88770759388,8,4.54091461706454,78.619826358636
904.201224665158,0.0878608834602968,4434.10312742093,4,5.97265918396297,63.2685009846735
35.2714314614423,0.126541955425311,3566.58105324891,6,4.56944386735415,54.6510072858185
989.187488029711,0.0589396576747991,5153.06908691569,3,4.6721533808907,33.1706172206368
309.858748349361,0.0989314787247898,3033.79229982563,8,7.40403229014251,66.2687661133823
939.747016595211,0.0290739449264658,2914.3642134573,6,8.0723317486393,60.7782754337356
690.731505909935,0.0714660560421307,3606.80078750359,5,5.73732190998516,28.8353206018567
452.566624905448,0.0582826900509711,3364.56678257948,6,7.17165129768058,55.4565775174292
818.313357401639,0.0499239707679792,4045.66206003156,9,5.42263613830804,51.9478002288675
49.1042058751918,0.116256863381832,2969.37832976611,7,8.13050131428387,63.7562034126965
741.641368661076,0.0401800693331234,3350.40342715941,9,6.79491281854487,56.6544941556539
355.23229878163,0.0875767500783797,3440.55311018207,6,5.4201197565805,55.6188883805337
830.958315238822,0.0670187250274898,4599.89436624032,5,6.39754392141563,71.1735254041069
540.185977781657,0.0740889405077098,4106.74688396854,9,5.99075106329286,69.5103268299028
281.799909980036,0.122353780937706,3854.53509149694,6,6.25032303024865,59.8534669429278
802.938729804009,0.0394061169382945,3416.99668170487,4,5.90177204172181,48.0595510844444
100.728247847874,0.107086192836318,3669.54165912289,4,6.96912354606323,53.6029415330625
833.786696472671,0.0565320538273531,2971.46815119392,1,4.63340890610296,46.7422703486467
284.086521747522,0.0805790290359454,3024.61814147393,5,5.62465971167644,60.9397875523587
755.578998588026,0.0715028747476464,4228.65193413022,5,6.12399353899611,44.7004991240038
964.511044414248,0.031366435965609,3294.73473095062,2,6.29737447773332,54.9849058836988
90.6518944189884,0.0691983869486825,2535.31242713753,6,8.09559699317342,50.6468871151242
855.821099018212,0.0473193275394209,3647.52498110799,3,7.18218645567045,39.9843462305648
804.215834918432,0.0948243512491874,4143.09208766246,4,6.76025535378317,67.759110116859
391.32186854491,0.0815492020650049,2916.38786030072,4,3.89692302289554,37.8540077994956
334.321425019298,0.0899126167135928,3366.96156681139,8,7.54732475387524,64.0744447637089
212.889315953944,0.085558601448752,2963.43674947939,6,6.95342037217301,66.5573320577046
573.68883602554,0.0807254128377995,4178.9334616378,7,5.70220287297817,50.5444485034324
889.174638539553,0.0365076772126795,4273.44392758016,4,5.23506978896575,35.7087050700035
534.416950533632,0.0964373618046912,3991.61994747777,6,4.83084965505802,47.5378215251522
591.08907021815,0.0821396516939196,4024.30717056046,3,5.58745302522039,26.8509317658045
669.077791112941,0.0504170539905189,3311.28900508339,5,6.09063001567831,45.7284890429917
534.59353399463,0.0743613882165084,3857.09475425999,8,4.84644953935542,48.664846087435
514.744470401201,0.0885894088699224,3910.52484934025,4,4.21866236702496,24.6676849871689
25.998876101803,0.109854675836002,3367.38901985375,4,5.97448507741738,49.7200687464635
57.2328850883059,0.126777036063122,4206.46405524706,4,4.77311606163227,34.5382492817226
930.057175708935,0.0412373861166563,3191.15149905327,8,6.30078367763052,68.6446937204999
771.592683312483,0.0837430981441837,4941.97933607139,6,7.20771668611063,55.2281630658232
209.069809936918,0.110277469701978,3798.24522000332,4,5.37408879871665,33.9604412271016
653.758885380812,0.0640623930929023,3679.17663797577,7,6.52706431482695,59.0275489515074
657.229015547782,0.0476200153661732,2986.73741285374,3,6.21577102458316,46.5466782823407
401.301223824266,0.0581520349910964,2883.7043516792,4,4.67534228897886,41.7798902672166
814.181780263316,0.0684466501457336,4184.13896565653,2,6.64267702194518,49.3679325531877
551.553183484357,0.0709998061513643,2491.24536129679,3,6.51701535727972,44.6448667850393
886.281325027812,0.0912679870856384,4297.16141734935,6,7.47296529299446,56.0989177270327
557.780847686809,0.0828137168255837,4064.8318380382,11,6.77379889709984,72.3490326690483
906.98763050139,0.0472117209716606,3610.9687872601,7,4.93568041039865,64.9457722149636
591.586753346492,0.0499098173627331,2781.10608120552,6,6.71116294978088,36.2988770139411
429.229014469311,0.0668905157844294,2878.42107905972,5,6.61853225178425,51.7358571337762
950.089469759259,0.0593532943699837,4205.11934312521,3,8.14036862385644,66.4986661685702
711.947524428833,0.0553839308374253,2714.15747318242,10,8.71949292604995,61.8053453092429
419.172354007605,0.0893259847042335,4060.47902239099,7,5.93511723548634,65.3437199229984
28.1804428831674,0.091904216812446,1809.97788479728,10,5.99322270980705,56.1738393960625
571.066741936375,0.0693354647272918,3277.17301726081,5,6.6209889634439,60.1824660313929
495.162818562239,0.0606316656157315,2809.36770995237,6,8.19324249254339,77.7038702437344
879.887281011324,0.0941065076476079,4017.6046102006,7,5.21686603449171,59.0700985060218
814.724161021877,0.065916226578314,3408.81918355356,5,5.21949839141351,58.2406421877216
855.55897775339,0.0618347239223195,4072.85111075597,5,7.74769498790242,36.6602043556141
374.216988291591,0.0474519022877391,2637.58500673002,6,8.03718698216698,49.4523068742869
875.21041371394,0.0694353173052896,3988.70085730724,5,6.19455641444648,56.7874486511254
159.824789732229,0.0715362887357943,1589.99346638942,4,4.17976971576156,29.7910405968863
288.993553004693,0.0677198908626794,2270.22456751508,5,5.45742947257676,41.7684024078743
670.038106262218,0.0848649181073221,3971.72101843953,5,7.16741884047502,69.6793166688217
977.609741031192,0.0420655000182758,3357.51190592137,6,8.35373357487731,64.9336091116169
586.912339285482,0.0356869374356623,2489.17896212871,9,6.78412345982747,62.373796083969
531.324178739451,0.108831873260815,4764.05617919405,4,5.168554866036,41.386918010024
70.174402622506,0.0489431413610243,2207.00580672417,3,5.90528731624952,29.5474813940834
969.348475029692,0.0629888068457071,3676.55077615414,3,5.74487860389208,25.9186533691767
129.034757290501,0.113893247117167,3301.58644942324,4,4.89066469380947,40.2756610307436
97.4796679988503,0.0825066592668468,2702.6407805592,4,6.39188417371919,53.506808817957
881.956473754253,0.0647879173405184,3719.52370370132,4,7.19044430779123,40.7627737274264
513.286923447158,0.0831182615954132,3206.9122735553,5,6.01312042728545,31.9878011648611
344.120047334582,0.103606460691561,3734.46726750019,4,6.4257502005599,62.8838423719905
895.391279198229,0.064912423799139,4459.62839413912,4,6.05208503319734,53.3304086771784
41.6519117983989,0.0930197288282296,3057.12440194504,4,6.26156609381085,54.128779185951
244.857400432229,0.106076971137193,3511.18071725043,6,5.98637690959014,61.1028495256994
689.62544759037,0.0815311747506769,4203.78451257869,3,6.79787605791361,55.5368159938012
233.560239088256,0.0695906073628714,3255.89180895969,3,5.83180313344191,34.603988851199
325.309642255306,0.0557187692073201,2694.73768953283,2,4.89715854804926,50.9873432960919
182.243978588376,0.0940933518704447,3474.25759405858,2,6.03045713048706,31.3786851183665
803.41528785415,0.0543499881117889,3121.0438844011,6,7.15729752578092,53.0006044217018
154.819237396587,0.0725482558789248,2635.77824828723,10,6.92551713685834,67.9635418966322
824.490217736457,0.0604541027034778,3647.91335179545,7,3.72183558917907,45.419162637407
337.687850340735,0.0567156769532251,2907.52149152599,6,7.83616438658732,67.074176940085
380.427693976089,0.0842031423277195,3623.57799142806,6,5.44936945136362,58.01276805071
633.447969555855,0.0558290337713689,3321.66762504042,4,5.45085609237622,37.1575571545212
105.667405598797,0.11385991520391,3105.42600388089,6,7.81863073979497,48.2188908211467
31.7737781628966,0.146901093915086,3536.71232623515,4,3.90196011149784,25.8324696679693
993.114332531113,0.0320246984997085,3765.98294035744,2,4.2934556395689,41.2121095682359
588.099457209464,0.0917483105583863,4689.58355172436,7,5.65054929124861,47.6252036922334
784.004834480584,0.0773027528313365,3720.49692812305,8,5.28711862987211,56.5647144356409
892.977161374875,0.0539472574451491,3672.50013550413,4,6.90328832396475,64.346257727239
757.316799042746,0.0530612325667224,3741.19852954591,6,7.46449613364349,52.6051408994581
979.411692821886,0.0825355694956554,4332.22455052547,5,6.50087613110052,61.751370128818
53.705597256776,0.0572055637724363,2312.3086273725,8,6.16059417427315,50.3540457120833
904.366875861306,0.0419177603750615,3623.29090073466,4,5.37632002438786,51.0497389709384
866.845805908088,0.0279208408314401,2903.98263316164,4,5.23192692779267,44.5003806200025
777.653515455313,0.0890235930061559,4751.4995166029,4,5.27529363371817,35.8720736887154
383.048252689186,0.0770335187126435,3729.92079824273,2,5.88282559386998,52.8926316866513
51.6869681980461,0.0869222276007043,3353.88824173878,6,7.10926336539276,64.772360813636
370.766970836557,0.145142540939499,5278.38305355428,8,6.14342231298125,48.0310490416767
281.013757095207,0.0849485667874871,3007.81795597887,5,6.31899039896686,51.9719700422847
851.962805911899,0.0485268734670746,3442.22213291114,3,3.21420724910513,57.2950169498079
368.777695328463,0.0875584202362998,3619.33279562879,8,6.67583697315759,51.8605569597289
311.43301269738,0.0530598569500316,2999.10365267121,4,4.9215581436251,40.9406620931874
761.543986015022,0.0717288535526903,3787.8519649714,3,6.69853317980309,63.5215965974605
846.386278080754,0.055757422074363,3596.24859344853,8,7.78582440763367,53.7921447703078
463.342345475685,0.0862033851768187,3341.61663071042,5,3.80350461889604,62.8216594595902
732.335347819608,0.0437358198902625,4080.48803880784,4,6.72231751847207,44.9385661447831
113.037849678658,0.0738884306731082,1449.76113679874,4,5.23427160628216,38.9570360681891
227.783345947973,0.0747425394370777,2866.62846374556,4,5.6360589783222,45.7947573304067
954.4117352576,0.0369196217752644,3666.32234454725,3,6.49850082701544,59.2392683528235
754.517165829893,0.0882551410421771,3744.33235100654,7,7.08916731902298,91.8012647605486
820.765829430893,0.0905446197646171,4645.13700156445,7,5.58097675465732,56.7380301251074
423.599330724683,0.0756821944029845,2377.298707604,3,5.92006675697622,51.7964959769266
597.900108175818,0.0629262633795155,3931.80991449791,5,5.53292476878414,33.9293371009893
800.835322216153,0.053377457280759,2837.53949761219,3,6.85185533604649,51.671694068605
889.52456390718,0.0569085013617013,2815.85171499987,2,3.82852741447001,9.54481068164085
391.339677385986,0.0823711008047218,3048.31945797039,7,7.21975445208241,57.5160398271047
99.4188634166494,0.100829744584479,3296.47281547904,4,7.19109608819633,68.5697313808908
629.486200723332,0.0535921111429083,3005.03104192275,5,3.39047499081422,34.9716744571494
748.179855123162,0.0456530794674355,3129.77780195623,3,6.24774659696051,46.6623066505349
94.5246727531776,0.119215319637263,3739.9582257805,5,5.63702041792854,48.5755485032774
307.512435093522,0.0736518310232575,2558.61102990797,7,6.51022175101804,55.3138138587551
618.416535735596,0.0751400871177292,3696.71004094554,1,4.92992585244016,37.6501250846606
755.402737369295,0.0610904524554686,3981.58102031266,11,7.89209730693372,56.348152344545
917.886561716441,0.0349486840711646,4351.74163321048,7,7.328280305472,55.8326872084573
480.99300063448,0.0877715881565061,3957.14370501918,3,6.1931301013397,43.5497740266203
571.448271479458,0.0748896838958862,4498.07171696002,6,6.09370723117748,58.1662698361565
739.254142623395,0.0910329599930804,4525.74750187326,5,5.57587087113111,49.9531207193651
858.872950193472,0.0594055441828662,3904.23622063159,1,5.05968624798119,29.7125065173594
910.0550394319,0.047866332864388,2649.16930802686,5,5.7727088486882,57.353682692528
65.8184031071141,0.102274978110752,2564.80709246394,4,6.0050619382332,60.2911639022193
507.879221059848,0.0508942059663009,2874.1612495766,12,6.57540451145628,54.0828458502043
357.03932531178,0.0654301526665391,3378.81693188123,5,6.5845805836785,54.763014024942
847.100561719853,0.067850436936796,3889.95307558654,1,4.20170133412972,25.5182490100536
808.370812193025,0.0529190413658698,3946.94676233086,1,3.71571849387275,24.497107157063
126.157915014774,0.0923728853222121,2567.86786055442,4,6.05777748308749,52.4875236627206
715.55968944449,0.0619175813393365,3532.40614700043,2,5.81529000405881,51.4949479766354
242.91616944829,0.0748439391520949,3091.21413817705,2,6.42541957291262,49.9286672319298
84.2071836837567,0.0554158676341638,2097.03886096798,5,6.7260760679209,48.2819370355744
936.289685762022,0.0601622151154308,4132.23952132423,4,6.01978737614636,59.39605697375
165.596146897879,0.106952982808043,3134.87793692999,4,6.49159961179607,60.7768943774452
650.586776526179,0.0416963364666885,3322.27289401588,4,4.81950226462887,32.2036855674443
181.782568690833,0.120558925934631,3734.21620981865,5,4.85939029613853,47.4286367363078
29.8732691048645,0.106209433018502,3160.41052525319,3,4.38451200320517,26.3259123124944
526.100707880687,0.100527770505843,3088.36328265516,2,5.44472853632333,55.8909780723219
95.4151143459603,0.0760858348578562,2375.71263520967,9,7.46147037468094,68.0079476536859
290.172322595026,0.0888270096373337,2612.0627954876,3,6.50639224714264,59.2033144475833
426.230552014895,0.0766881932204791,2583.36593962922,5,7.48370145305015,61.2999452803118
591.40534293605,0.085799881490833,3651.86676526614,9,7.12920058757484,62.5632990708866
808.627485304605,0.0480514343765159,3497.88447426673,11,7.07180855065582,74.8639281748381
209.975256770849,0.0892992837224083,3347.73630089018,5,5.33872305701044,35.6604378174769
464.830424999818,0.0411852957751302,3298.9980906524,7,6.65406821964673,42.9435168342568
453.661682731472,0.0617644870060164,3364.81325404456,2,5.33564472519685,34.3666872426364
736.410280622076,0.0656801636421984,4292.45900446736,2,5.07487068333781,42.0105329271038
717.607262451202,0.0499932070296755,3171.92352167865,3,4.92297693471744,36.4780039685349
832.909759089816,0.0574831223292796,3661.56187817083,3,4.59413510197131,34.3194880909019
887.700459689368,0.0462564575370272,4243.11451233241,4,4.81705300197316,51.2937800503237
953.118128250353,0.0644826963107122,4196.493774684,5,7.46883036183792,52.3222246704046
555.110554636922,0.0956142384431452,3182.38352029506,3,5.85061783329352,54.9976578845344
527.112408454996,0.0571943513210998,2774.83408378592,4,5.3699282433667,37.1202820395598
178.991272747517,0.0849097051907296,3559.97267922599,2,3.82080892044022,30.5392109754336
484.478844376281,0.104571282948581,3755.01471888545,6,6.39286373691064,45.7011852367677
261.282588532195,0.0429574054897161,2548.43535324727,7,5.90269994481957,49.2515065080695
49.3828306463547,0.0911341026328676,2928.55906179038,7,6.31410844865785,43.9535735598752
638.452504684683,0.109371460448633,4216.15541466719,5,5.79285124471022,53.4341259468778
544.165304899216,0.116663536136324,4246.20813632173,6,6.9760553887025,68.7034199318651
148.702514430042,0.0956967807455009,3407.20091769915,6,6.13136474094716,55.4904106464831
290.874659067486,0.068184088034353,3050.22049326815,5,5.82199858296929,66.2326713614579
587.200289259199,0.0739491339268488,4270.71832700496,3,7.9728384785312,39.4631923451579
173.375633279793,0.07827573041707,2812.35598268352,3,6.68720419757735,41.9205002484292
105.338099587243,0.123789440666468,3224.8609914905,4,5.93001823130187,52.8965351834212
434.326960439794,0.0621539988639494,3194.6854489483,2,4.66880200337203,43.677802900786
362.203950076364,0.0893480344003568,3864.03586478195,1,6.37912968355308,47.1656156082578
846.484204463195,0.0700727912682141,5235.40771215417,6,5.26735044380723,65.7936021401878
267.531148924027,0.0714732393398817,2732.68557809382,5,5.95193582677235,66.5135747982955
32.9130472592078,0.115384841267163,3210.34613390755,7,7.25258574852098,45.6698851285859
863.775544280652,0.0418526233676413,4005.8501611131,6,5.78868788467407,46.7693968946912
341.242081590463,0.0955426925135565,4233.98107670429,5,5.6327901760913,33.8236171737303
635.470982999541,0.090159683512094,3744.79470793847,7,6.84030914140308,47.8938059839516
550.961996160913,0.0526830417442902,3487.87005467984,7,6.53947113263085,59.1799196046263
382.680048255716,0.103025898406806,3543.29930762639,4,5.55074738799114,49.2678146796272
194.014284934383,0.0805086283290326,2517.1120013283,11,6.99062596505816,59.1486128759351
434.651185257826,0.0841545085058481,3864.07299158274,3,5.85089922580312,48.270500577693
634.465862575453,0.0723134563170028,3768.4497375915,10,7.46672866741392,60.0552890553076
525.633927739691,0.0651743758862514,3549.42081227552,5,7.29426181595304,58.9654477686029
663.0251238239,0.0722108012087607,3480.01452346204,4,5.38076772065961,46.0352911585196
732.067322006915,0.0387880153911775,4137.38392980076,7,7.71665945128356,59.7431714494537
491.954644620419,0.0726795303252798,3770.14390027029,6,4.73478364315712,36.0729935860318
390.61204950558,0.0969852141580244,3533.72716934563,5,5.35491343010656,42.1213165496075
16.7651737551205,0.0556792483276577,2498.48977956862,3,4.24709815049654,42.1469527937112
13.6473853117786,0.069559106987246,1811.21971842164,5,6.30944156174369,46.6053893699478
994.987075738609,0.0270118950611301,3461.33698922521,6,6.62086138072344,51.8492289875414
116.808011368848,0.062377805548649,3182.85108305094,5,4.63397458141461,32.4722660874887
424.48246677639,0.0871675374471077,3497.89602669276,5,6.04786447215679,45.898174392556
720.705701145344,0.0441061479476126,3778.77954724071,5,5.08613372579018,45.1821021909387
745.11374092428,0.0194533712472065,2768.33390669774,5,6.49384285509422,45.1781258208568
873.278835476376,0.0435846829245722,2469.23812929109,5,4.44508616058806,38.3983074096551
611.789281440433,0.0615978308984822,3015.42890806746,3,6.46471731582288,37.3166453756695
758.641317796428,0.0792036435857408,4212.72335182516,5,5.95559206763163,57.2696079105627
848.7688850821,0.0354865130259184,4130.54438614957,8,5.56405730625853,75.9180383103929
616.651852484793,0.0923931924905343,3784.46649227985,2,5.31707788798715,36.3330871507354
795.291926099453,0.0682026580075995,4092.62651804217,5,5.73433297486096,53.3383277472008
32.626136620529,0.105615736321684,2695.15735493496,7,6.03553862590082,69.997367600191
422.74540415965,0.0618122163857275,2573.50701536695,4,4.30265090843409,35.6688129174443
876.133563588373,0.0952666794185421,4268.94239383918,5,5.41478984403099,43.182299379304
650.873545405921,0.0641709060877609,4269.69624623385,5,5.82667237717799,55.6061133135948
925.234196898528,0.017240338471507,3665.43020818264,6,4.71674779271786,36.0602809707593
180.502845069859,0.0868977283186571,3395.79283517171,5,6.30236138518274,49.7804418950174
322.654661245178,0.0451783855231001,3106.6083096706,10,8.37311638605898,66.3339311776836
806.213716461789,0.0534791118611771,3469.79717178037,9,7.58208720034592,56.232065763563
989.07377707772,0.0421017710823217,4199.97144424843,5,5.20146704247486,50.2142947992449
329.161696354859,0.0971785089903253,3706.708211452,3,4.94313378286475,39.3275299825693
11.17971211439,0.11963093810903,2890.42772400298,3,5.13430774551968,63.3667966517294
992.248913119547,0.0358654550459996,3286.27581601821,11,7.80589341538691,42.5992881265938
156.868867867161,0.108278733974142,3504.33888117674,4,5.76048046274861,53.2552216087705
58.8706542132422,0.125542929482713,3731.41492882902,3,4.65494349720777,31.0615004152329
601.379947792739,0.0542481225135102,3127.04313652519,4,4.28801538941553,36.5777852512968
328.115159040317,0.0705461547179975,2568.90779054732,5,6.5592971629786,41.9084759761331
532.649710320402,0.0863830817470536,2747.5150853373,1,4.15603654962512,38.5641876366784
797.467800164595,0.0637875693906489,4083.30472786272,1,5.69701207243779,54.0392380550075
78.2432708586566,0.107063335665953,3150.11740046782,4,5.87307091558139,52.2564765839396
698.070490339305,0.093190161373986,4534.52464974897,3,6.32177101494312,38.4902898311491
949.145192271098,0.060284402777973,3331.03253347658,1,6.29417150104969,59.6156321936736
284.991624210961,0.106784444192959,3079.00416462489,7,4.97670561050239,47.2462613966568
256.912519384641,0.0996124832775118,3450.40876698354,7,7.42230365754448,62.8989053055406
167.841125333216,0.100280351529516,2634.88251344091,6,6.88781507892093,55.9466891063133
80.9137554559857,0.103676000990889,2243.87060536939,2,5.09254511033907,37.3047183158913
561.863207274582,0.0977333057254325,4470.1902329746,6,6.18025094442963,53.7110255525545
494.93868108606,0.0552078684714839,3544.46940147656,7,6.88839838570164,48.1364645626696
499.349438275676,0.0529288735030663,2542.29452561043,4,6.46050081035408,61.8346170749989
889.487869318109,0.0673645266020387,3990.2376363937,4,4.08595667268547,44.893072212813
46.3373162108474,0.0952893409067954,2431.47499797198,1,6.65885698110729,46.0825704593199
211.706375423819,0.0908947854625083,3399.5219184743,5,4.59210451663606,52.4145798817048
518.643327769823,0.0888933811549368,3800.31512813739,3,3.5188358807311,21.3726914964293
243.97649011109,0.102867076451427,3110.56428377104,7,7.35423938565031,71.6224865643059
579.681313161273,0.0657625242747008,3087.50433986847,4,4.28840774554679,41.5620574630104
487.43533235509,0.0693773560023035,2831.37718804215,9,6.57585686596733,65.9114945989521
573.659161846153,0.0727890140878497,3821.28573654557,6,4.85347110448858,41.7102355816632
152.710791949648,0.113624816188412,3863.4223315746,4,4.00541569065231,30.2041425878498
154.251674949192,0.100807825986121,3512.89731682874,7,5.95788600394951,48.3273995160429
418.160281863529,0.107752136123287,3569.91843748482,4,6.44711202449893,60.5980905852468
686.180179635994,0.0655382536098009,2790.04061735037,4,6.11589938011769,59.4872634509147
656.893542215694,0.0896686749936304,4372.59841588123,6,5.55752618368082,65.3363548994715
916.826469711959,0.071818722734747,4181.4979204217,4,5.78424295292918,46.301242709692
814.982001166791,0.0714925691596619,4040.11921054107,6,6.10130485250249,44.9459598349778
679.131101223175,0.0743374590744106,4361.07537637125,4,5.77647551143855,61.6070392947189
809.424118208699,0.0539311461467147,3250.71324215089,6,5.7539617048068,35.2503595730486
136.783775412478,0.0909800610459915,3665.17643458729,5,6.36094990261034,50.2158957301601
258.270748644136,0.0916743724819625,3143.43319932106,8,5.51729748900858,59.619057642933
338.231521681882,0.0840662017294916,3001.19316707559,9,7.17751739577456,52.2647395880773
413.19659705041,0.0982046595152039,3687.61331249611,9,6.46059229552084,44.7020036396955
639.013901194558,0.0658629624765435,3790.29691634141,3,5.26440140797176,47.2138628959929
810.525924451649,0.058066165345661,3678.76733318866,4,6.5058040936338,66.7395255429369
266.213189344853,0.0770029587814441,2622.23194404466,4,5.37242817798187,37.7147756055238
821.272468497045,0.0561696500042812,3625.12579768433,3,4.61464974846242,32.2063743706456
25.3228922700509,0.0973585425404206,1726.85108477952,5,4.79696165848776,34.5687706312579
657.856758928392,0.0208324465755921,2478.1066084324,9,7.46903274336469,80.1924237068627
813.602388435975,0.0320232466339149,3495.65281831976,2,3.06671262266095,22.2542111695982
466.75523753278,0.0752124999243219,3353.13058628595,6,5.78308442643698,42.5409840679217
211.382930625696,0.0841251779714252,3449.43328181051,3,5.78145638764566,36.8669820445336
28.580535009969,0.0745535866853528,2791.22402071422,3,4.22503959184809,31.2461580625497
290.301370250527,0.0456541679666133,2816.50947301111,5,6.00696295872373,44.0576353741234
916.11989937257,0.047106620633103,4102.39468391994,2,6.07024001893424,50.4156748402727
934.359555309638,0.0663519375484036,3326.46748090022,6,4.37557141269009,46.8951381906586
547.106297588907,0.108109457759106,4258.48159036916,6,5.31278604114362,53.3114127459674
227.2283205227,0.0878694480996783,4026.87927034238,8,8.36226244398383,61.5093093210897
494.533525975421,0.105137020513783,3851.5648487043,3,4.94537557852727,47.972020993352
803.137248789426,0.0615035807132481,4062.7473330541,4,4.83390554007118,11.73817927458
413.554351199418,0.0816329245252203,3531.46405839321,4,4.94228143824981,53.9884289049209
112.674451218918,0.100862783706029,3521.11068915243,8,6.16568060042009,58.8268668355342
287.759523014538,0.0682004789440547,2803.51356632491,2,5.58591988625317,37.878577568382
367.851558374241,0.0805730578233903,3023.01462495829,3,4.89633273308459,45.2369386578791
266.652392647229,0.104836334343484,3666.01189434695,6,6.40171959916755,41.7773771564725
475.975015233271,0.0612067335012927,3279.9921158441,2,6.10195274727546,38.1826281904945
372.187018517871,0.0749585276763473,3150.87844572075,10,7.33618151222012,67.7726237378979
130.059333725367,0.0705416183045466,2686.67136605489,1,5.94982570129541,26.1235626651161
56.5237437258475,0.104260856742695,3403.94058915098,5,5.19911766481145,45.5931339959088
270.168341146782,0.0949875785904413,3051.99630887116,7,6.27725860693599,55.0229937374927
968.954756292515,0.0645192092098559,4798.13252538118,4,6.46428859150136,47.5321871425877
493.610527541023,0.0509232729926108,4106.06665030756,6,6.25495788323479,40.34349492238
483.043809433002,0.0779925102234452,4264.54048770233,5,6.21269503384139,62.7314832306596
751.304952334613,0.0435535985502725,3146.47295032089,5,6.05086067972009,35.4005629274739
670.96382900374,0.0664441155754925,2759.36633500111,9,6.98291685066956,48.1433801501497
58.9214407932013,0.123906406360462,3623.06998735043,4,5.77532707162818,41.050231795472
698.154191961512,0.0550217846632389,3936.88068748984,4,4.70060900178908,56.996082918068
369.628951062914,0.0958522188656308,4045.35562840628,9,6.97399933107248,63.9388259630121
885.292271308135,0.0407420147529193,2970.55145031879,2,4.94463327765072,41.3188336757814
777.544257347472,0.0515522229236203,3029.55871779564,8,8.03577886180154,64.0190072901347
147.811604917515,0.101383854765857,3390.17262259098,4,5.27040983038712,47.0605232684465
302.059178529307,0.0713147956643773,3343.45494303459,3,5.75215139607186,51.0926494543982
134.821957573295,0.0591996054184266,2890.10185544285,2,3.42673867590382,38.2083866946654
594.002607543953,0.095603238327069,4508.26597109876,2,4.74112123929881,51.4124208804142
566.058852768038,0.0789042021191951,3226.21400193673,3,4.77154735111726,32.07717541481
691.833908923436,0.0537355157426264,2802.07560459941,7,7.63170354306709,60.5773822663614
318.158100943547,0.0442105192062106,1514.26669703166,4,5.6489140490648,50.3799568774002
609.530973054934,0.107567646775239,4622.88123047857,6,6.34495627465651,61.9755386265683
991.123975736555,0.118251217638603,5761.32808712989,8,6.90029691204903,57.1712620724785
745.772866045591,0.0668609648448296,3996.6903734003,4,5.26888852073534,50.8521822577807
85.0985590415075,0.112741204998148,2895.45899504033,6,6.50071514168405,49.0190488790456
456.657217345201,0.101658345374223,4730.33971714954,6,7.70662404051982,57.1183556759144
63.001565199811,0.0828138330692373,2597.20647960267,4,6.4169927099568,60.206401212299
346.159958904609,0.0756680774636388,4095.20064782984,1,5.91440005820305,22.74445527249
736.612627329305,0.0286269479006308,3321.46521521151,4,4.9654771742481,45.0428532784727
14.0658710640855,0.0845651418013583,3314.5899006981,3,5.77904753927681,54.1546376126055
774.190387488343,0.0737386762833052,4188.45541378999,5,6.29334643671533,48.0189623663505
468.345459096599,0.0707684072603526,3319.73294935031,6,5.54489836990843,55.9730491468384
723.631946526002,0.0595341719900384,3131.67329866616,4,5.91742054833593,40.52213980427
669.840660034679,0.0642567759682157,3345.55974433799,5,7.97352809039938,61.5797145956308
576.352983422112,0.0339090111789823,2807.33227228566,4,4.82546676803858,42.2251214093498
706.77482055733,0.0814138576567669,4182.86382824252,2,5.95294765120781,43.4788210743779
660.648849874269,0.0380976997275781,3066.64208813455,3,4.52617887024773,25.8730217097829
296.458623595536,0.0810056655719103,3124.04456408257,7,6.75199676928044,56.1341034356954
106.267061117105,0.0859153777029681,3022.5844347646,5,4.95817522425904,36.6513494411211
962.7971078665,0.0474882682695511,3613.17355982526,8,7.19035115168593,58.3556829439961
738.970688828267,0.0922507844533024,4054.98833855283,7,5.13156010120125,59.9002404586845
616.596233884338,0.0575289899474757,2655.91991589018,3,5.62047766470712,38.4364625029666
128.729592019226,0.0779015684848008,3238.62628886847,6,7.54131625877434,59.3792896831682
554.756456024479,0.0418690972998991,2970.3610420477,4,5.57752591255056,46.917865781064
270.128715028986,0.0703796026163257,2906.03736567081,5,5.89360240579636,47.5733516848577
899.377222885378,0.0317074447083763,3062.44403255082,7,7.80419031178976,71.0818564645185
19.0881463442929,0.107204516607751,3058.37969289241,8,8.63629655316149,68.7570045274128
243.872586572543,0.0705462857512153,2355.27946031874,7,8.88310511270668,69.9645078201686
138.74414938502,0.0991436332313117,2735.7122872199,9,6.40637467556958,51.129061373019
332.970815245062,0.0804229094807885,2314.9239342526,4,4.74486340934097,37.9017262845752
729.134899394121,0.0348720114320779,3646.55941375402,0,5.6511543424175,31.7857273918392
991.827783044428,0.0345964551333247,3738.566709828,3,6.03559544425684,50.9207601415395
717.982192481868,0.0818031394770602,3513.63898672772,6,7.48520823436664,70.9413304047565
509.39541287953,0.0925917510751148,4452.51914913431,6,6.3502133676837,49.1447519014558
441.687195110135,0.118027105730506,4556.21234651494,5,6.16081935944896,28.6514729487877
949.336998106446,0.0524615439266821,4319.09601203887,1,6.71375863443316,37.1136654470245
128.979672763962,0.0636344800821591,2417.7636636997,2,5.56199076997497,32.4671949031375
84.3937248457223,0.0804119732174107,2565.59091074683,3,6.28223512694434,59.2187235072983
890.131277868059,0.0636632062034001,4004.50022880087,11,7.68451754499858,71.8525245645695
430.207574109081,0.11649234799244,4392.60743618576,7,6.35552807960855,71.4250149920242
51.9370719930157,0.0996033288691437,3495.89802468946,5,5.46518883676972,51.3349854593024
650.967722206842,0.0902593503922273,4901.8570272367,2,5.06245215647758,23.8366885752654
473.932970825117,0.0916649775525894,3526.63029063339,4,3.85147303187699,42.2064713419693
621.746862086002,0.0455508244533533,2646.72783916333,2,6.67845501649895,39.9137361339882
278.107278211974,0.0826723830441042,3260.09155011125,6,4.60488917079196,45.0304794478634
165.722333788872,0.11781911403751,5198.87904097314,4,5.20929951669027,43.0299638722037
123.111727512442,0.111366335816296,3259.24224880896,8,6.22966895427025,55.7077633450547
512.60603452567,0.0836456211050725,4270.96510004517,4,7.00552835668786,49.7139512161008
552.551964633167,0.0819146866758793,3621.84855799137,4,5.85785070424817,66.501335067373
149.239727556705,0.0827099076179767,2713.40598859101,1,6.14422528937676,57.8196750266518
178.071359586902,0.0647087257537709,2295.10867314544,5,5.70576815050743,39.6359967718256
764.365469927434,0.0876902423202545,4176.91347240115,6,7.87136844844011,63.3436443126765
532.120991204865,0.0449895606064182,3784.92542997581,7,6.88699781835688,69.9486358913235
862.379464001861,0.0381031084057904,3637.74445640125,3,6.14729421736808,57.7617267935473
676.819438000675,0.0787383279503631,4172.06999661625,5,6.87753098396904,45.4338244592124
22.9106193874031,0.0736105780428378,2937.40069584769,4,4.31776774727105,53.6868477248303
696.266912354622,0.0541492461168131,4511.38950348851,6,6.18947598759905,45.9014219676364
892.79659483349,0.031704180122676,3807.48621316026,4,6.01442424854363,49.3385465754019
635.531673573423,0.0806366874759079,3170.24142018904,5,5.23327075166322,47.8539117962504
116.22170838993,0.103115174913265,2777.9912473121,6,6.2121705199651,33.8609413542875
921.854551807046,0.0623449662751215,3295.88087232061,3,4.87865966915163,39.0602241434211
678.608757341281,0.0749188575758487,2431.32128125264,5,6.21974742967962,30.0948714181987
157.107775472105,0.103289526153974,4025.37303791998,3,3.81517177677812,15.4124738420728
747.888423872646,0.075392708645778,3756.76908351965,5,6.2844095886735,54.6272022675397
943.172873256262,0.0134681252037024,3353.19358943958,8,5.96372650647139,59.2310667386969
426.575541866478,0.0756948956794788,3957.85792389449,9,7.73933989741191,76.4400464940531
304.745847387239,0.087011983881676,3093.81502511776,5,4.02688950184677,43.9299094914277
266.832403447479,0.101151903880581,3489.21906017547,6,6.24251330930585,46.4748735903879
230.652503736783,0.0647176532930552,2930.7861630969,9,6.57909035753754,52.8881810466501
569.997800025158,0.0615081062024239,3483.09733500761,6,7.1405236131284,65.7481631335641
759.083631497342,0.0405729586101097,2942.46881040283,9,5.21998889118719,68.6103009435131
672.907510458026,0.0874994287312923,4461.21140054519,6,5.65126898493503,58.2442820349216
551.057566348463,0.0980285733467635,4335.50436375343,3,6.31186151736188,49.7285554806062
813.349021188915,0.0750860834477389,3984.19506337186,6,6.8128736225985,55.3743961501684
761.575134026352,0.0374731756471426,2661.42332556605,5,6.35633410759892,68.0658401590696
29.8677815357223,0.107545653257947,3527.31542601468,8,6.88857030726888,35.5259817221213
387.094663132448,0.103654250570996,4561.03416564231,9,5.13145828597238,63.58638243955
60.3713124804199,0.100340253990708,3817.80645146968,5,6.85106219717854,52.5783581663626
799.923907907214,0.0486816179467199,4009.7974581465,4,6.01577606345008,36.8078685208185
924.462221059948,0.0320545241347756,3248.44739048927,5,4.18529291470312,49.2930849775231
547.17238675803,0.0593353247508954,3015.37780878869,6,6.02654866984789,42.329956884405
853.8409541687,0.0716049194105518,3845.93791825549,10,7.953767761272,73.2088986886578
587.727234659251,0.0619804162593989,3209.21386001273,5,6.70378758447782,55.3742835341648
671.640407070518,0.0709702784452759,4117.27919367324,4,5.16871504959742,45.2555713779399
516.201450549997,0.100088843385906,4162.37814558595,7,7.30759176820985,42.0169848132551
765.123083395883,0.0733105446395949,3068.27676643127,8,6.20303667426635,58.6393835523186
904.328665027861,0.0820770223780778,3519.90396271005,5,6.38195896545347,46.9780051989549
822.269767054822,0.0248549155940508,3130.22079912348,4,6.72853270114265,44.604812840339
80.7175311213359,0.0903505978496574,3043.41639287634,4,6.19057608876817,37.1166733803555
13.8573796255514,0.100608491408566,1886.14741640478,9,6.14729745125284,47.3495054359252
61.676629697904,0.108487954347275,2884.88873343526,5,6.81998236681457,45.6438771487642
867.894577942789,0.0332211386722812,3413.99250517954,3,7.07743008578332,63.857054509667
580.482717233244,0.0870995612472836,4633.8496170004,4,4.87080356620737,49.3056679499346
320.704146318603,0.0901125942073165,2437.2258126224,3,5.41780566681402,45.8373531371505
959.871125950012,0.0572825639745937,3437.67139240091,5,7.0036584716744,72.1831450848702
595.281819449738,0.080405604859614,3258.52231248264,7,5.5480081118713,67.8608525330077
536.095242430456,0.0708680690809373,3577.24990580408,1,3.48062419703682,38.4327286661924
390.09730482474,0.0990060567287453,3925.73535493151,7,5.90530096469523,41.692084961058
326.357697197236,0.096646710614768,3425.30499103964,3,6.66648977745833,63.6632491263853
810.302392735612,0.0564806928798654,2944.05429909354,6,4.83815236725654,44.1694954814389
51.5003034868278,0.118232525212473,3152.37490279095,6,5.95169616939924,49.3317678678212
370.105267777108,0.0873459103100683,3206.88574842764,5,6.96193007814863,57.1850515866998
858.030997302849,0.0704734781236469,4024.24091487013,6,6.24692745427183,53.8640144267822
700.967112712096,0.0530680915319108,4274.73864662825,5,6.56691905433502,47.8957947361261
687.641608249396,0.0972265563272486,3981.42907782477,6,7.82398016004902,67.9685955506607
354.534902204759,0.0821934760027624,3391.07152703411,10,7.90077121145515,64.6834311529667
559.135011115577,0.0890001048220907,3545.57294785951,7,6.99119065147262,53.3080015838464
145.871181383263,0.090704110412983,2485.71064650423,2,5.89098640818382,40.9119979658719
787.082240758464,0.0550532898224648,3993.20422690052,5,4.84158339636341,36.611088269248
887.99394586822,0.0712890676121891,3676.45490415385,3,6.43919689343988,49.7328045308029
212.054924461991,0.057704920885077,3945.81286143662,4,6.34210662187202,48.7379981252208
772.916731841397,0.0709214863638108,4010.54465987262,2,5.80362073427232,40.0590979076493
600.399331150111,0.0778513609023908,3787.95266838737,2,5.45720034377495,45.9239155345041
958.093044981361,0.01,3082.91348445729,7,5.12895211689885,31.3964512006628
167.101513636298,0.0990124708888502,4236.27521506963,9,6.95359375197673,65.2923878791772
530.714531405829,0.0300959184827685,2995.31098766883,4,7.05495609521765,62.2872630208961
874.419853854925,0.0694750948451082,4012.84628273803,4,5.18828704015203,52.7458420993228
871.009009580594,0.0473712748533465,3106.3486129227,5,4.19915075252325,63.3134547509147
33.4517568070442,0.0844286756549499,2236.11314635436,4,7.63802787018593,49.7917910472417
976.130796545185,0.0510565341092875,3580.89762260746,9,6.23572206321373,49.3775737711571
495.321956223343,0.102694943088513,4652.01698970609,6,7.34035660065238,61.9627627631572
395.278619802557,0.0675296074655143,3046.65860102995,4,6.42405347047281,33.2676434020306
423.379410288762,0.0899930953645374,3268.02141652836,5,7.65773610024556,70.3955962210839
101.996562294662,0.101723329253704,3634.48944860355,10,6.95790941545269,54.3184111709892
170.191118097864,0.0679000715122757,3370.97367595233,5,5.69955547182701,52.8832451161437
411.362330215052,0.044611443142568,2367.68778124581,2,7.1322579791517,46.2832380116333
348.396299725864,0.0427284695889239,2328.89571920902,2,7.55652982339948,27.9878852595595
421.104878687765,0.0899702402949695,3814.25665663681,8,6.91851888035125,63.1860433257869
311.011944396887,0.0837545615495297,3294.69290151638,7,6.56984704552344,45.8191883998405
564.677732090931,0.108777547467666,4508.08964927757,6,6.94234949829106,65.9347580825348
164.315409066621,0.10325773171193,4250.88471525755,3,4.92746330959047,16.1224064515121
957.013966499362,0.0691432194966841,4266.69904587192,4,6.29782615238744,48.1790925696878
53.5269590979442,0.124011323751802,3446.9292594648,3,4.61038799785929,28.5179698856291
378.436165307649,0.0710638097753181,3420.85575656889,4,5.5025203855877,56.7842609410807
962.989187999628,0.0620524991645884,4142.35609442104,7,7.19488353383167,52.696071276871
648.973240572959,0.0849272033762351,4310.37307943701,8,5.83704658982464,64.538638841205
70.649988183286,0.123854534350896,3506.40508767437,7,7.25086062363144,55.5713820797997
415.846469206736,0.0944606994661906,3942.66828493784,9,7.30217905968609,65.8091059861122
431.646082722582,0.0868406393246176,2818.23459815357,4,7.23374253551606,68.7922410895245
513.076503856573,0.0569816938617469,3172.73871409978,2,7.56566298935473,45.0066211903429
455.103911652695,0.0918360116365191,3488.82006239393,4,5.22462424242946,62.3093050795546
627.028769666795,0.078653878965026,3231.86383087535,14,8.19063883260338,88.8147778454898
148.578151734546,0.105256097487411,3195.7436492988,5,7.55866378109588,70.6393321231479
908.866936801933,0.0630295540713485,4264.32242774229,12,7.59904542772655,49.53122144463
573.748842007481,0.0672757970054259,3539.18510613371,6,5.54618699868032,48.045768677519
552.797768176533,0.0708227936224931,3868.79329006349,4,4.80242919458476,27.3459796977665
125.659346296452,0.107464314950808,3871.05461318583,8,8.0004443032093,73.5949718759385
764.408049010672,0.0652122276879572,4247.29266664442,5,8.59949170568404,75.2252288207197
483.585752237123,0.0592185409016041,2989.29773426865,7,5.35269971698909,44.5881446935294
784.149225524161,0.0549893563276786,3004.00747857337,3,5.7105373040221,39.4349470978753
55.5662831175141,0.0708391713605941,2387.74850849073,9,5.23193085438565,37.9438523420839
821.646221121773,0.0395770508905331,4019.66117830962,5,6.06967120631415,58.2577323849167
276.714362960774,0.0832720604492509,3158.13175245253,3,5.29282013524768,57.0793202284237
290.021910369396,0.0495362533540317,1752.12306229687,7,6.38794671374628,38.9404114115971
646.78934387397,0.0338896833144699,3217.06396547223,3,8.49485439080467,40.3491245015663
948.637649405282,0.0746194215184576,4530.5733845264,5,4.60131952154033,54.4480085819157
16.9284699088894,0.0876211980203267,2585.97922262822,6,6.63211340170645,68.6459855808967
358.101495294832,0.0450610906442287,2704.10555490224,5,7.83265771671135,62.8788531342893
424.855267656967,0.0764999718285722,4064.40380665804,5,5.38897745658414,49.3673776059423
463.298029096332,0.103256483889614,4641.32378286336,8,5.78065728683981,48.6907009532175
714.575653530192,0.0775163032621832,3751.32892553132,3,5.64830946044581,47.6319280077671
920.649577097502,0.0627951851121977,4102.53528736799,1,6.50055136995643,39.9813555894654
630.839593582787,0.0921329385664575,3377.2933860276,4,5.45687515959501,65.716707923234
903.159960552584,0.0394119731503529,3230.68272112786,4,4.77420872922166,37.3776667953509
759.755867591593,0.0766059904474611,5055.751742865,8,6.67054854179256,27.978897429009
146.479782005772,0.0809342985841342,3660.6503784497,5,3.98218073188926,44.9105257502072
161.722329228651,0.0919291672658177,3047.40064113209,3,4.1245448790129,24.0513084982427
199.399065016769,0.134319353135964,3738.95262010143,3,6.68646279809096,57.6599282720543
438.853289196268,0.0974460234543718,3143.31539889577,2,5.85881557444238,27.8331170586878
96.3471088255756,0.110542798833066,4466.57612119431,7,4.22600357003603,42.5422102602974
231.542201037519,0.0662563317117609,2845.52589872949,2,6.01761625722293,47.9921550573555
576.42719272757,0.0554539219637273,2964.95837004613,4,3.49520464755108,33.5033212069573
406.167486594059,0.125373955275529,4858.84774767433,5,5.55303128815489,28.2956616460553
569.810726863798,0.0496434483773439,2582.69750484502,4,6.09949067695872,34.2210716506231
831.327639913652,0.0627232055100189,4280.40148883091,8,5.17152541327542,43.3534466438012
645.692681290675,0.0855667871282077,4723.1562562648,8,7.86749748403291,81.5821783499432
397.583764188457,0.100495971237422,3700.00187331453,8,7.81450578994531,63.80614733574
712.484056190588,0.0861580374088554,4873.76933249997,7,5.72514406895723,65.3817406195666
117.735832373146,0.0908506285836384,3373.25995212369,8,7.72102190988245,66.4000713165705
